Date,Price,Change %
11/28/2011,2.50,0.03
11/29/2011,2.80,0.08
11/30/2011,3.00,0.08
12/1/2011,3.10,0.03
12/2/2011,3.10,0.02
12/3/2011,2.80,-0.11
12/4/2011,2.80,0.00
12/5/2011,2.90,0.02
12/6/2011,3.00,0.05
12/7/2011,3.00,0.00
12/8/2011,3.00,0.00
12/9/2011,3.00,0.00
12/10/2011,3.00,0.03
12/11/2011,3.30,0.07
12/12/2011,3.10,-0.03
12/13/2011,3.30,0.04
12/14/2011,3.20,-0.03
12/15/2011,3.20,0.00
12/16/2011,3.20,0.00
12/17/2011,3.20,0.00
12/18/2011,3.20,0.00
12/19/2011,3.50,0.10
12/20/2011,4.00,0.12
12/21/2011,3.90,-0.02
12/22/2011,3.90,0.00
12/23/2011,4.00,0.02
12/24/2011,3.90,0.00
12/25/2011,4.20,0.07
12/26/2011,4.00,-0.05
12/27/2011,4.10,0.01
12/28/2011,4.20,0.03
12/29/2011,4.20,0.00
12/30/2011,4.30,0.02
12/31/2011,4.70,0.11
1/1/2012,5.30,0.12
1/2/2012,5.20,-0.01
1/3/2012,4.90,-0.07
1/4/2012,5.60,0.14
1/5/2012,6.90,0.25
1/6/2012,6.70,-0.04
1/7/2012,6.80,0.02
1/8/2012,7.10,0.04
1/9/2012,6.30,-0.11
1/10/2012,6.40,0.00
1/11/2012,6.90,0.08
1/12/2012,6.80,-0.01
1/13/2012,6.40,-0.06
1/14/2012,6.80,0.05
1/15/2012,7.00,0.04
1/16/2012,6.70,-0.05
1/17/2012,5.60,-0.16
1/18/2012,5.90,0.06
1/19/2012,6.40,0.07
1/20/2012,6.50,0.02
1/21/2012,6.20,-0.05
1/22/2012,6.30,0.02
1/23/2012,6.40,0.01
1/24/2012,6.30,-0.01
1/25/2012,5.80,-0.09
1/26/2012,5.30,-0.07
1/27/2012,5.30,-0.01
1/28/2012,5.60,0.06
1/29/2012,5.40,-0.04
1/30/2012,5.50,0.02
1/31/2012,5.50,0.00
2/1/2012,6.10,0.11
2/2/2012,6.10,0.00
2/3/2012,6.00,-0.02
2/4/2012,5.90,-0.02
2/5/2012,5.70,-0.03
2/6/2012,5.40,-0.04
2/7/2012,5.70,0.04
2/8/2012,5.60,-0.02
2/9/2012,5.80,0.04
2/10/2012,5.90,0.01
2/11/2012,5.60,-0.05
2/12/2012,5.50,-0.02
2/13/2012,5.30,-0.05
2/14/2012,4.50,-0.15
2/15/2012,4.30,-0.03
2/16/2012,4.30,-0.01
2/17/2012,4.40,0.03
2/18/2012,4.20,-0.04
2/19/2012,4.40,0.04
2/20/2012,4.40,0.00
2/21/2012,4.30,-0.02
2/22/2012,4.40,0.04
2/23/2012,5.00,0.13
2/24/2012,5.00,0.00
2/25/2012,4.80,-0.05
2/26/2012,4.90,0.03
2/27/2012,5.00,0.00
2/28/2012,4.90,-0.02
2/29/2012,4.90,0.00
3/1/2012,4.90,0.01
3/2/2012,4.70,-0.04
3/3/2012,4.60,-0.02
3/4/2012,4.80,0.05
3/5/2012,5.00,0.03
3/6/2012,5.00,0.00
3/7/2012,4.90,0.00
3/8/2012,4.90,0.00
3/9/2012,4.90,-0.01
3/10/2012,4.80,0.00
3/11/2012,4.90,0.02
3/12/2012,4.90,0.00
3/13/2012,5.30,0.08
3/14/2012,5.40,0.02
3/15/2012,5.30,-0.01
3/16/2012,5.30,0.00
3/17/2012,5.20,-0.02
3/18/2012,5.30,0.01
3/19/2012,4.70,-0.11
3/20/2012,4.80,0.03
3/21/2012,4.80,0.00
3/22/2012,4.70,-0.02
3/23/2012,4.70,0.00
3/24/2012,4.70,0.00
3/25/2012,4.60,-0.03
3/26/2012,4.60,0.02
3/27/2012,4.80,0.04
3/28/2012,4.80,0.00
3/29/2012,4.80,0.00
3/30/2012,4.90,0.01
3/31/2012,4.90,0.00
4/1/2012,4.80,-0.02
4/2/2012,5.00,0.03
4/3/2012,4.90,0.00
4/4/2012,4.90,0.00
4/5/2012,4.90,0.00
4/6/2012,4.90,0.00
4/7/2012,4.70,-0.05
4/8/2012,4.80,0.02
4/9/2012,4.90,0.02
4/10/2012,4.80,0.00
4/11/2012,4.90,0.02
4/12/2012,4.90,0.00
4/13/2012,4.90,0.00
4/14/2012,5.00,0.00
4/15/2012,5.00,0.00
4/16/2012,4.90,0.00
4/17/2012,5.00,0.01
4/18/2012,5.10,0.03
4/19/2012,5.10,0.00
4/20/2012,5.30,0.04
4/21/2012,5.30,-0.02
4/22/2012,5.20,-0.01
4/23/2012,5.00,-0.05
4/24/2012,5.10,0.03
4/25/2012,5.10,0.00
4/26/2012,5.10,0.00
4/27/2012,5.10,0.00
4/28/2012,5.00,-0.03
4/29/2012,4.90,-0.02
4/30/2012,4.90,0.00
5/1/2012,5.00,0.01
5/2/2012,5.10,0.01
5/3/2012,5.10,0.01
5/4/2012,5.10,-0.01
5/5/2012,5.10,0.00
5/6/2012,5.10,0.00
5/7/2012,5.10,0.00
5/8/2012,5.10,0.00
5/9/2012,5.00,0.00
5/10/2012,4.80,-0.04
5/11/2012,5.00,0.02
5/12/2012,4.90,0.00
5/13/2012,4.90,0.00
5/14/2012,5.00,0.02
5/15/2012,5.00,0.00
5/16/2012,5.10,0.01
5/17/2012,5.10,0.00
5/18/2012,5.10,0.00
5/19/2012,5.10,0.00
5/20/2012,5.10,0.00
5/21/2012,5.10,0.00
5/22/2012,5.10,0.00
5/23/2012,5.10,0.00
5/24/2012,5.10,0.00
5/25/2012,5.20,0.00
5/26/2012,5.10,-0.01
5/27/2012,5.10,0.00
5/28/2012,5.10,0.00
5/29/2012,5.20,0.00
5/30/2012,5.10,0.00
5/31/2012,5.20,0.00
6/1/2012,5.30,0.02
6/2/2012,5.30,0.00
6/3/2012,5.20,0.00
6/4/2012,5.30,0.01
6/5/2012,5.40,0.03
6/6/2012,5.50,0.00
6/7/2012,5.60,0.02
6/8/2012,5.60,0.00
6/9/2012,5.60,-0.01
6/10/2012,5.50,-0.02
6/11/2012,5.60,0.02
6/12/2012,5.70,0.02
6/13/2012,5.90,0.04
6/14/2012,5.90,0.00
6/15/2012,6.50,0.09
6/16/2012,6.40,-0.02
6/17/2012,6.20,-0.04
6/18/2012,6.30,0.02
6/19/2012,6.50,0.03
6/20/2012,6.70,0.03
6/21/2012,6.70,0.00
6/22/2012,6.60,-0.02
6/23/2012,6.40,-0.02
6/24/2012,6.30,-0.01
6/25/2012,6.30,0.00
6/26/2012,6.40,0.02
6/27/2012,6.70,0.04
6/28/2012,6.60,0.00
6/29/2012,6.70,0.00
6/30/2012,6.70,0.00
7/1/2012,6.60,-0.01
7/2/2012,6.80,0.02
7/3/2012,6.40,-0.05
7/4/2012,6.50,0.01
7/5/2012,6.70,0.02
7/6/2012,6.70,0.00
7/7/2012,6.80,0.02
7/8/2012,6.80,0.00
7/9/2012,7.00,0.03
7/10/2012,7.20,0.03
7/11/2012,7.20,0.00
7/12/2012,7.80,0.09
7/13/2012,7.70,-0.01
7/14/2012,7.50,-0.02
7/15/2012,7.60,0.01
7/16/2012,8.50,0.12
7/17/2012,8.80,0.04
7/18/2012,9.10,0.04
7/19/2012,8.90,-0.03
7/20/2012,8.50,-0.04
7/21/2012,8.90,0.04
7/22/2012,8.40,-0.05
7/23/2012,8.40,0.00
7/24/2012,8.60,0.02
7/25/2012,8.80,0.02
7/26/2012,8.90,0.01
7/27/2012,8.90,0.00
7/28/2012,8.90,0.00
7/29/2012,8.70,-0.02
7/30/2012,9.10,0.04
7/31/2012,9.40,0.03
8/1/2012,9.60,0.02
8/2/2012,10.50,0.10
8/3/2012,11.00,0.04
8/4/2012,11.00,0.00
8/5/2012,10.90,-0.01
8/6/2012,10.90,0.00
8/7/2012,11.10,0.02
8/8/2012,11.10,0.00
8/9/2012,11.10,0.00
8/10/2012,11.40,0.03
8/11/2012,11.50,0.01
8/12/2012,11.60,0.01
8/13/2012,12.00,0.04
8/14/2012,12.20,0.01
8/15/2012,13.30,0.09
8/16/2012,13.50,0.02
8/17/2012,11.60,-0.14
8/18/2012,11.60,0.00
8/19/2012,8.00,-0.31
8/20/2012,10.10,0.26
8/21/2012,9.90,-0.02
8/22/2012,9.80,-0.01
8/23/2012,10.10,0.03
8/24/2012,10.60,0.05
8/25/2012,10.50,-0.01
8/26/2012,10.60,0.01
8/27/2012,10.90,0.03
8/28/2012,10.90,0.00
8/29/2012,10.90,0.00
8/30/2012,10.80,-0.01
8/31/2012,10.20,-0.06
9/1/2012,10.00,-0.02
9/2/2012,10.20,0.02
9/3/2012,10.50,0.03
9/4/2012,10.40,-0.01
9/5/2012,11.00,0.06
9/6/2012,11.20,0.02
9/7/2012,11.00,-0.02
9/8/2012,11.00,0.00
9/9/2012,11.00,0.00
9/10/2012,11.20,0.01
9/11/2012,11.30,0.01
9/12/2012,11.40,0.00
9/13/2012,11.40,0.00
9/14/2012,11.70,0.02
9/15/2012,11.80,0.01
9/16/2012,11.90,0.01
9/17/2012,11.90,0.00
9/18/2012,12.30,0.03
9/19/2012,12.60,0.03
9/20/2012,12.30,-0.02
9/21/2012,12.40,0.01
9/22/2012,12.20,-0.01
9/23/2012,12.20,0.00
9/24/2012,12.10,-0.01
9/25/2012,12.20,0.01
9/26/2012,12.30,0.01
9/27/2012,12.30,0.00
9/28/2012,12.40,0.01
9/29/2012,12.40,0.00
9/30/2012,12.40,0.00
10/1/2012,12.40,0.00
10/2/2012,12.80,0.04
10/3/2012,12.90,0.00
10/4/2012,12.90,0.00
10/5/2012,12.70,-0.01
10/6/2012,12.50,-0.01
10/7/2012,11.80,-0.06
10/8/2012,11.80,0.00
10/9/2012,11.90,0.01
10/10/2012,12.10,0.02
10/11/2012,12.00,-0.01
10/12/2012,12.00,0.00
10/13/2012,11.90,-0.01
10/14/2012,11.70,-0.01
10/15/2012,11.80,0.01
10/16/2012,11.90,0.00
10/17/2012,11.80,0.00
10/18/2012,11.90,0.01
10/19/2012,11.70,-0.02
10/20/2012,11.70,0.00
10/21/2012,11.60,-0.01
10/22/2012,11.70,0.01
10/23/2012,11.60,-0.01
10/24/2012,11.60,0.00
10/25/2012,10.90,-0.07
10/26/2012,10.20,-0.06
10/27/2012,10.30,0.01
10/28/2012,10.70,0.04
10/29/2012,10.60,-0.01
10/30/2012,10.90,0.03
10/31/2012,11.20,0.03
11/1/2012,10.60,-0.06
11/2/2012,10.50,-0.01
11/3/2012,10.60,0.02
11/4/2012,10.80,0.02
11/5/2012,10.80,0.00
11/6/2012,10.90,0.01
11/7/2012,10.90,0.00
11/8/2012,10.90,0.00
11/9/2012,10.80,-0.01
11/10/2012,10.90,0.01
11/11/2012,10.90,0.00
11/12/2012,11.00,0.01
11/13/2012,10.90,-0.01
11/14/2012,10.90,0.00
11/15/2012,11.20,0.02
11/16/2012,11.80,0.05
11/17/2012,11.80,0.00
11/18/2012,11.60,-0.01
11/19/2012,11.80,0.01
11/20/2012,11.70,-0.01
11/21/2012,11.80,0.00
11/22/2012,12.40,0.06
11/23/2012,12.40,-0.01
11/24/2012,12.40,0.00
11/25/2012,12.50,0.01
11/26/2012,12.30,-0.02
11/27/2012,12.20,0.00
11/28/2012,12.40,0.01
11/29/2012,12.40,0.01
11/30/2012,12.60,0.01
12/1/2012,12.60,0.00
12/2/2012,12.50,0.00
12/3/2012,12.70,0.01
12/4/2012,13.40,0.06
12/5/2012,13.40,0.00
12/6/2012,13.30,-0.01
12/7/2012,13.50,0.02
12/8/2012,13.40,-0.01
12/9/2012,13.40,0.00
12/10/2012,13.40,0.00
12/11/2012,13.60,0.01
12/12/2012,13.70,0.01
12/13/2012,13.70,0.00
12/14/2012,13.60,-0.01
12/15/2012,13.50,-0.01
12/16/2012,13.30,-0.01
12/17/2012,13.30,0.00
12/18/2012,13.30,0.00
12/19/2012,13.60,0.02
12/20/2012,13.50,-0.01
12/21/2012,13.50,0.00
12/22/2012,13.40,-0.01
12/23/2012,13.30,0.00
12/24/2012,13.40,0.01
12/25/2012,13.40,0.00
12/26/2012,13.50,0.01
12/27/2012,13.40,0.00
12/28/2012,13.40,0.00
12/29/2012,13.40,0.00
12/30/2012,13.40,0.00
12/31/2012,13.50,0.00
1/1/2013,13.30,-0.02
1/2/2013,13.30,0.00
1/3/2013,13.40,0.01
1/4/2013,13.50,0.01
1/5/2013,13.40,0.00
1/6/2013,13.40,0.00
1/7/2013,13.60,0.01
1/8/2013,13.70,0.01
1/9/2013,13.80,0.00
1/10/2013,14.10,0.03
1/11/2013,14.10,0.00
1/12/2013,14.20,0.01
1/13/2013,14.10,-0.01
1/14/2013,14.30,0.01
1/15/2013,14.30,0.00
1/16/2013,14.70,0.03
1/17/2013,15.50,0.05
1/18/2013,15.70,0.01
1/19/2013,15.60,-0.01
1/20/2013,15.70,0.01
1/21/2013,16.80,0.07
1/22/2013,17.30,0.03
1/23/2013,17.50,0.01
1/24/2013,16.90,-0.03
1/25/2013,17.40,0.03
1/26/2013,17.90,0.03
1/27/2013,17.80,0.00
1/28/2013,18.70,0.05
1/29/2013,19.50,0.04
1/30/2013,19.70,0.01
1/31/2013,20.40,0.04
2/1/2013,20.50,0.00
2/2/2013,19.60,-0.04
2/3/2013,20.60,0.05
2/4/2013,20.40,-0.01
2/5/2013,20.60,0.01
2/6/2013,21.20,0.03
2/7/2013,22.10,0.05
2/8/2013,22.70,0.02
2/9/2013,23.60,0.04
2/10/2013,24.00,0.01
2/11/2013,24.60,0.03
2/12/2013,25.20,0.02
2/13/2013,24.20,-0.04
2/14/2013,27.20,0.12
2/15/2013,27.10,0.00
2/16/2013,27.20,0.00
2/17/2013,26.80,-0.02
2/18/2013,27.00,0.01
2/19/2013,29.40,0.09
2/20/2013,29.60,0.01
2/21/2013,29.80,0.00
2/22/2013,30.30,0.02
2/23/2013,29.80,-0.01
2/24/2013,29.90,0.00
2/25/2013,30.40,0.02
2/26/2013,31.10,0.02
2/27/2013,30.90,-0.01
2/28/2013,33.40,0.08
3/1/2013,34.50,0.03
3/2/2013,34.30,-0.01
3/3/2013,34.50,0.01
3/4/2013,36.20,0.05
3/5/2013,40.30,0.12
3/6/2013,41.00,0.02
3/7/2013,42.00,0.02
3/8/2013,44.20,0.05
3/9/2013,46.80,0.06
3/10/2013,46.00,-0.02
3/11/2013,48.40,0.05
3/12/2013,44.30,-0.08
3/13/2013,46.90,0.06
3/14/2013,47.20,0.01
3/15/2013,47.00,0.00
3/16/2013,47.00,0.00
3/17/2013,47.40,0.01
3/18/2013,51.60,0.09
3/19/2013,59.10,0.15
3/20/2013,64.50,0.09
3/21/2013,70.80,0.10
3/22/2013,69.90,-0.01
3/23/2013,64.30,-0.08
3/24/2013,71.50,0.11
3/25/2013,73.60,0.03
3/26/2013,78.50,0.07
3/27/2013,88.90,0.13
3/28/2013,86.20,-0.03
3/29/2013,90.50,0.05
3/30/2013,92.20,0.02
3/31/2013,93.00,0.01
4/1/2013,104.00,0.12
4/2/2013,118.00,0.13
4/3/2013,135.00,0.14
4/4/2013,132.10,-0.02
4/5/2013,142.30,0.08
4/6/2013,142.60,0.00
4/7/2013,162.30,0.14
4/8/2013,187.50,0.16
4/9/2013,230.00,0.23
4/10/2013,165.00,-0.28
4/11/2013,124.90,-0.24
4/12/2013,117.00,-0.06
4/13/2013,93.00,-0.21
4/14/2013,90.00,-0.03
4/15/2013,82.40,-0.08
4/16/2013,68.40,-0.17
4/17/2013,93.10,0.36
4/18/2013,109.00,0.17
4/19/2013,118.50,0.09
4/20/2013,126.60,0.07
4/21/2013,119.20,-0.06
4/22/2013,127.40,0.07
4/23/2013,143.50,0.13
4/24/2013,154.20,0.07
4/25/2013,141.70,-0.08
4/26/2013,136.90,-0.03
4/27/2013,128.00,-0.07
4/28/2013,134.40,0.05
4/29/2013,144.00,0.07
4/30/2013,139.20,-0.03
5/1/2013,116.40,-0.16
5/2/2013,106.30,-0.09
5/3/2013,98.10,-0.08
5/4/2013,112.90,0.15
5/5/2013,116.00,0.03
5/6/2013,112.30,-0.03
5/7/2013,109.60,-0.02
5/8/2013,113.20,0.03
5/9/2013,112.80,0.00
5/10/2013,117.70,0.04
5/11/2013,115.60,-0.02
5/12/2013,114.80,-0.01
5/13/2013,118.00,0.03
5/14/2013,111.40,-0.06
5/15/2013,114.20,0.03
5/16/2013,118.20,0.03
5/17/2013,123.50,0.04
5/18/2013,123.20,0.00
5/19/2013,122.50,-0.01
5/20/2013,122.00,0.00
5/21/2013,122.90,0.01
5/22/2013,123.80,0.01
5/23/2013,126.30,0.02
5/24/2013,133.10,0.05
5/25/2013,132.00,-0.01
5/26/2013,133.50,0.01
5/27/2013,129.80,-0.03
5/28/2013,129.00,-0.01
5/29/2013,132.30,0.03
5/30/2013,128.80,-0.03
5/31/2013,128.80,0.00
6/1/2013,129.30,0.00
6/2/2013,122.50,-0.05
6/3/2013,120.70,-0.01
6/4/2013,121.40,0.01
6/5/2013,121.90,0.00
6/6/2013,119.00,-0.02
6/7/2013,111.00,-0.07
6/8/2013,107.90,-0.03
6/9/2013,100.40,-0.07
6/10/2013,106.30,0.06
6/11/2013,109.00,0.02
6/12/2013,108.80,0.00
6/13/2013,103.90,-0.04
6/14/2013,100.00,-0.04
6/15/2013,99.80,0.00
6/16/2013,99.90,0.00
6/17/2013,101.90,0.02
6/18/2013,107.30,0.05
6/19/2013,108.30,0.01
6/20/2013,111.30,0.03
6/21/2013,109.50,-0.02
6/22/2013,108.20,-0.01
6/23/2013,107.90,0.00
6/24/2013,102.10,-0.05
6/25/2013,103.30,0.01
6/26/2013,104.00,0.01
6/27/2013,101.70,-0.02
6/28/2013,94.70,-0.07
6/29/2013,95.00,0.00
6/30/2013,97.50,0.03
7/1/2013,88.10,-0.10
7/2/2013,90.40,0.03
7/3/2013,78.90,-0.13
7/4/2013,80.00,0.01
7/5/2013,68.50,-0.14
7/6/2013,69.70,0.02
7/7/2013,76.50,0.10
7/8/2013,76.00,-0.01
7/9/2013,76.70,0.01
7/10/2013,88.00,0.15
7/11/2013,89.00,0.01
7/12/2013,94.00,0.06
7/13/2013,98.30,0.05
7/14/2013,94.40,-0.04
7/15/2013,98.90,0.05
7/16/2013,97.10,-0.02
7/17/2013,98.50,0.01
7/18/2013,90.10,-0.09
7/19/2013,92.00,0.02
7/20/2013,89.80,-0.02
7/21/2013,92.00,0.02
7/22/2013,91.60,0.00
7/23/2013,95.60,0.04
7/24/2013,95.10,0.00
7/25/2013,96.90,0.02
7/26/2013,96.00,-0.01
7/27/2013,94.40,-0.02
7/28/2013,98.80,0.05
7/29/2013,101.50,0.03
7/30/2013,108.00,0.06
7/31/2013,106.20,-0.02
8/1/2013,104.00,-0.02
8/2/2013,104.50,0.00
8/3/2013,104.90,0.00
8/4/2013,105.10,0.00
8/5/2013,106.70,0.02
8/6/2013,106.60,0.00
8/7/2013,106.00,-0.01
8/8/2013,103.10,-0.03
8/9/2013,102.80,0.00
8/10/2013,103.00,0.00
8/11/2013,105.00,0.02
8/12/2013,106.80,0.02
8/13/2013,109.60,0.03
8/14/2013,112.60,0.03
8/15/2013,110.00,-0.02
8/16/2013,109.00,-0.01
8/17/2013,112.80,0.03
8/18/2013,113.40,0.01
8/19/2013,118.50,0.05
8/20/2013,121.20,0.02
8/21/2013,123.30,0.02
8/22/2013,122.00,-0.01
8/23/2013,118.50,-0.03
8/24/2013,119.60,0.01
8/25/2013,122.10,0.02
8/26/2013,120.10,-0.02
8/27/2013,131.30,0.09
8/28/2013,128.80,-0.02
8/29/2013,129.30,0.00
8/30/2013,138.00,0.07
8/31/2013,141.00,0.02
9/1/2013,146.00,0.04
9/2/2013,144.00,-0.01
9/3/2013,144.00,0.00
9/4/2013,132.50,-0.08
9/5/2013,130.20,-0.02
9/6/2013,121.90,-0.06
9/7/2013,129.00,0.06
9/8/2013,126.30,-0.02
9/9/2013,133.10,0.05
9/10/2013,132.60,0.00
9/11/2013,142.10,0.07
9/12/2013,139.40,-0.02
9/13/2013,140.70,0.01
9/14/2013,136.70,-0.03
9/15/2013,138.30,0.01
9/16/2013,139.40,0.01
9/17/2013,139.10,0.00
9/18/2013,140.40,0.01
9/19/2013,135.10,-0.04
9/20/2013,133.80,-0.01
9/21/2013,134.40,0.00
9/22/2013,134.00,0.00
9/23/2013,133.40,0.00
9/24/2013,134.80,0.01
9/25/2013,135.00,0.00
9/26/2013,137.10,0.02
9/27/2013,138.90,0.01
9/28/2013,142.50,0.03
9/29/2013,143.90,0.01
9/30/2013,141.90,-0.01
10/1/2013,140.30,-0.01
10/2/2013,123.00,-0.12
10/3/2013,131.00,0.07
10/4/2013,136.80,0.04
10/5/2013,136.70,0.00
10/6/2013,137.80,0.01
10/7/2013,135.80,-0.01
10/8/2013,136.50,0.01
10/9/2013,139.50,0.02
10/10/2013,140.40,0.01
10/11/2013,140.10,0.00
10/12/2013,142.90,0.02
10/13/2013,147.50,0.03
10/14/2013,151.40,0.03
10/15/2013,158.10,0.04
10/16/2013,152.80,-0.03
10/17/2013,157.60,0.03
10/18/2013,168.30,0.07
10/19/2013,183.10,0.09
10/20/2013,186.10,0.02
10/21/2013,192.80,0.04
10/22/2013,203.00,0.05
10/23/2013,228.00,0.12
10/24/2013,207.00,-0.09
10/25/2013,197.90,-0.04
10/26/2013,188.60,-0.05
10/27/2013,206.90,0.10
10/28/2013,206.90,0.00
10/29/2013,216.00,0.04
10/30/2013,208.00,-0.04
10/31/2013,211.20,0.02
11/1/2013,213.40,0.01
11/2/2013,211.70,-0.01
11/3/2013,224.00,0.06
11/4/2013,238.20,0.06
11/5/2013,251.30,0.06
11/6/2013,264.10,0.05
11/7/2013,309.60,0.17
11/8/2013,355.00,0.15
11/9/2013,367.80,0.04
11/10/2013,336.30,-0.09
11/11/2013,363.00,0.08
11/12/2013,380.00,0.05
11/13/2013,434.90,0.14
11/14/2013,433.40,0.00
11/15/2013,433.90,0.00
11/16/2013,462.00,0.06
11/17/2013,528.30,0.14
11/18/2013,785.40,0.49
11/19/2013,645.70,-0.18
11/20/2013,638.00,-0.01
11/21/2013,764.90,0.20
11/22/2013,802.00,0.05
11/23/2013,832.50,0.04
11/24/2013,795.00,-0.05
11/25/2013,830.00,0.04
11/26/2013,970.00,0.17
11/27/2013,1079.90,0.11
11/28/2013,1101.40,0.02
11/29/2013,1206.90,0.10
11/30/2013,1205.70,0.00
12/1/2013,1004.40,-0.17
12/2/2013,1096.60,0.09
12/3/2013,1154.90,0.05
12/4/2013,1237.60,0.07
12/5/2013,1106.30,-0.11
12/6/2013,845.00,-0.24
12/7/2013,697.00,-0.18
12/8/2013,804.00,0.15
12/9/2013,919.00,0.14
12/10/2013,1033.70,0.12
12/11/2013,919.90,-0.11
12/12/2013,900.00,-0.02
12/13/2013,936.80,0.04
12/14/2013,908.90,-0.03
12/15/2013,919.90,0.01
12/16/2013,759.90,-0.17
12/17/2013,715.00,-0.06
12/18/2013,541.00,-0.24
12/19/2013,732.00,0.35
12/20/2013,650.00,-0.11
12/21/2013,640.50,-0.01
12/22/2013,639.50,0.00
12/23/2013,713.20,0.12
12/24/2013,702.80,-0.01
12/25/2013,707.30,0.01
12/26/2013,802.00,0.13
12/27/2013,803.00,0.00
12/28/2013,762.00,-0.05
12/29/2013,785.00,0.03
12/30/2013,804.80,0.03
12/31/2013,805.90,0.00
1/1/2014,815.90,0.01
1/2/2014,856.90,0.05
1/3/2014,884.30,0.03
1/4/2014,924.70,0.05
1/5/2014,1014.70,0.10
1/6/2014,1012.70,0.00
1/7/2014,879.90,-0.13
1/8/2014,938.80,0.07
1/9/2014,937.00,0.00
1/10/2014,957.80,0.02
1/11/2014,1005.30,0.05
1/12/2014,939.80,-0.07
1/13/2014,922.90,-0.02
1/14/2014,919.30,0.00
1/15/2014,941.20,0.02
1/16/2014,913.50,-0.03
1/17/2014,894.20,-0.02
1/18/2014,905.70,0.01
1/19/2014,954.80,0.05
1/20/2014,956.00,0.00
1/21/2014,962.20,0.01
1/22/2014,951.00,-0.01
1/23/2014,944.20,-0.01
1/24/2014,916.50,-0.03
1/25/2014,961.00,0.05
1/26/2014,1007.00,0.05
1/27/2014,943.50,-0.06
1/28/2014,932.70,-0.01
1/29/2014,925.70,-0.01
1/30/2014,941.40,0.02
1/31/2014,938.80,0.00
2/1/2014,940.40,0.00
2/2/2014,953.30,0.01
2/3/2014,931.70,-0.02
2/4/2014,926.60,-0.01
2/5/2014,904.50,-0.02
2/6/2014,828.90,-0.08
2/7/2014,695.70,-0.16
2/8/2014,648.80,-0.07
2/9/2014,659.60,0.02
2/10/2014,582.60,-0.12
2/11/2014,579.00,-0.01
2/12/2014,531.10,-0.08
2/13/2014,451.40,-0.15
2/14/2014,427.70,-0.05
2/15/2014,371.10,-0.13
2/16/2014,299.80,-0.19
2/17/2014,272.30,-0.09
2/18/2014,294.00,0.08
2/19/2014,261.50,-0.11
2/20/2014,111.90,-0.57
2/21/2014,111.60,0.00
2/22/2014,255.60,1.29
2/23/2014,310.20,0.21
2/24/2014,174.00,-0.44
2/25/2014,135.80,-0.22
2/26/2014,593.10,3.37
2/27/2014,596.50,0.01
2/28/2014,573.90,-0.04
3/1/2014,557.40,-0.03
3/2/2014,544.60,-0.02
3/3/2014,662.20,0.22
3/4/2014,661.80,0.00
3/5/2014,658.30,-0.01
3/6/2014,648.30,-0.02
3/7/2014,616.70,-0.05
3/8/2014,609.20,-0.01
3/9/2014,627.00,0.03
3/10/2014,613.00,-0.02
3/11/2014,608.70,-0.01
3/12/2014,619.40,0.02
3/13/2014,625.00,0.01
3/14/2014,614.00,-0.02
3/15/2014,624.00,0.02
3/16/2014,619.10,-0.01
3/17/2014,606.40,-0.02
3/18/2014,598.90,-0.01
3/19/2014,595.00,-0.01
3/20/2014,566.00,-0.05
3/21/2014,549.60,-0.03
3/22/2014,564.30,0.03
3/23/2014,551.20,-0.02
3/24/2014,567.60,0.03
3/25/2014,562.90,-0.01
3/26/2014,562.50,0.00
3/27/2014,460.50,-0.18
3/28/2014,482.60,0.05
3/29/2014,477.10,-0.01
3/30/2014,446.90,-0.06
3/31/2014,444.70,-0.01
4/1/2014,463.50,0.04
4/2/2014,424.40,-0.08
4/3/2014,436.30,0.03
4/4/2014,444.40,0.02
4/5/2014,456.60,0.03
4/6/2014,455.70,0.00
4/7/2014,462.40,0.01
4/8/2014,466.60,0.01
4/9/2014,457.30,-0.02
4/10/2014,384.60,-0.16
4/11/2014,435.10,0.13
4/12/2014,437.60,0.01
4/13/2014,427.60,-0.02
4/14/2014,478.40,0.12
4/15/2014,526.40,0.10
4/16/2014,537.00,0.02
4/17/2014,502.00,-0.07
4/18/2014,485.50,-0.03
4/19/2014,506.00,0.04
4/20/2014,498.50,-0.01
4/21/2014,495.20,-0.01
4/22/2014,487.90,-0.01
4/23/2014,487.30,0.00
4/24/2014,500.30,0.03
4/25/2014,464.50,-0.07
4/26/2014,457.90,-0.01
4/27/2014,443.20,-0.03
4/28/2014,441.90,0.00
4/29/2014,446.10,0.01
4/30/2014,445.60,0.00
5/1/2014,460.10,0.03
5/2/2014,453.70,-0.01
5/3/2014,438.60,-0.03
5/4/2014,436.00,-0.01
5/5/2014,430.90,-0.01
5/6/2014,432.20,0.00
5/7/2014,446.50,0.03
5/8/2014,441.10,-0.01
5/9/2014,445.50,0.01
5/10/2014,451.90,0.01
5/11/2014,433.20,-0.04
5/12/2014,438.20,0.01
5/13/2014,433.90,-0.01
5/14/2014,442.60,0.02
5/15/2014,448.10,0.01
5/16/2014,453.60,0.01
5/17/2014,452.80,0.00
5/18/2014,450.10,-0.01
5/19/2014,443.90,-0.01
5/20/2014,484.60,0.09
5/21/2014,488.80,0.01
5/22/2014,515.40,0.05
5/23/2014,518.10,0.01
5/24/2014,520.50,0.00
5/25/2014,570.40,0.10
5/26/2014,582.00,0.02
5/27/2014,570.10,-0.02
5/28/2014,570.80,0.00
5/29/2014,564.40,-0.01
5/30/2014,612.30,0.08
5/31/2014,627.90,0.03
6/1/2014,649.80,0.03
6/2/2014,655.50,0.01
6/3/2014,669.40,0.02
6/4/2014,638.90,-0.05
6/5/2014,660.20,0.03
6/6/2014,650.40,-0.01
6/7/2014,651.70,0.00
6/8/2014,651.00,0.00
6/9/2014,644.30,-0.01
6/10/2014,655.60,0.02
6/11/2014,643.00,-0.02
6/12/2014,597.10,-0.07
6/13/2014,610.30,0.02
6/14/2014,583.40,-0.04
6/15/2014,582.30,0.00
6/16/2014,599.10,0.03
6/17/2014,605.10,0.01
6/18/2014,606.20,0.00
6/19/2014,600.20,-0.01
6/20/2014,590.80,-0.02
6/21/2014,597.00,0.01
6/22/2014,603.60,0.01
6/23/2014,591.20,-0.02
6/24/2014,588.80,0.00
6/25/2014,568.50,-0.03
6/26/2014,582.70,0.03
6/27/2014,602.20,0.03
6/28/2014,597.60,-0.01
6/29/2014,601.10,0.01
6/30/2014,635.10,0.06
7/1/2014,643.20,0.01
7/2/2014,645.70,0.00
7/3/2014,638.00,-0.01
7/4/2014,624.00,-0.02
7/5/2014,623.00,0.00
7/6/2014,626.70,0.01
7/7/2014,613.60,-0.02
7/8/2014,615.30,0.00
7/9/2014,623.00,0.01
7/10/2014,618.40,-0.01
7/11/2014,632.90,0.02
7/12/2014,635.90,0.00
7/13/2014,628.00,-0.01
7/14/2014,618.30,-0.02
7/15/2014,619.60,0.00
7/16/2014,614.80,-0.01
7/17/2014,626.60,0.02
7/18/2014,627.50,0.00
7/19/2014,627.00,0.00
7/20/2014,621.00,-0.01
7/21/2014,625.10,0.01
7/22/2014,622.50,0.00
7/23/2014,621.70,0.00
7/24/2014,601.90,-0.03
7/25/2014,600.50,0.00
7/26/2014,596.00,-0.01
7/27/2014,595.00,0.00
7/28/2014,587.90,-0.01
7/29/2014,585.80,0.00
7/30/2014,564.60,-0.04
7/31/2014,589.50,0.04
8/1/2014,598.80,0.02
8/2/2014,591.70,-0.01
8/3/2014,588.90,0.00
8/4/2014,592.80,0.01
8/5/2014,588.80,-0.01
8/6/2014,589.80,0.00
8/7/2014,592.80,0.01
8/8/2014,595.80,0.01
8/9/2014,589.50,-0.01
8/10/2014,592.10,0.00
8/11/2014,575.90,-0.03
8/12/2014,567.70,-0.01
8/13/2014,542.10,-0.05
8/14/2014,504.80,-0.07
8/15/2014,496.50,-0.02
8/16/2014,522.00,0.05
8/17/2014,485.50,-0.07
8/18/2014,462.20,-0.05
8/19/2014,485.10,0.05
8/20/2014,516.80,0.07
8/21/2014,517.90,0.00
8/22/2014,516.10,0.00
8/23/2014,497.70,-0.04
8/24/2014,509.70,0.02
8/25/2014,502.90,-0.01
8/26/2014,512.60,0.02
8/27/2014,515.20,0.01
8/28/2014,510.80,-0.01
8/29/2014,512.60,0.00
8/30/2014,506.00,-0.01
8/31/2014,481.80,-0.05
9/1/2014,477.20,-0.01
9/2/2014,478.90,0.00
9/3/2014,480.00,0.00
9/4/2014,491.00,0.02
9/5/2014,483.60,-0.01
9/6/2014,484.50,0.00
9/7/2014,485.80,0.00
9/8/2014,475.70,-0.02
9/9/2014,474.90,0.00
9/10/2014,479.70,0.01
9/11/2014,478.50,0.00
9/12/2014,477.70,0.00
9/13/2014,478.20,0.00
9/14/2014,477.70,0.00
9/15/2014,477.70,0.00
9/16/2014,466.80,-0.02
9/17/2014,461.10,-0.01
9/18/2014,424.30,-0.08
9/19/2014,397.70,-0.06
9/20/2014,411.50,0.03
9/21/2014,401.60,-0.02
9/22/2014,404.10,0.01
9/23/2014,436.90,0.08
9/24/2014,423.80,-0.03
9/25/2014,412.30,-0.03
9/26/2014,404.50,-0.02
9/27/2014,399.00,-0.01
9/28/2014,379.10,-0.05
9/29/2014,376.80,-0.01
9/30/2014,388.20,0.03
10/1/2014,382.80,-0.01
10/2/2014,375.10,-0.02
10/3/2014,363.50,-0.03
10/4/2014,335.30,-0.08
10/5/2014,322.90,-0.04
10/6/2014,331.50,0.03
10/7/2014,331.60,0.00
10/8/2014,350.90,0.06
10/9/2014,360.90,0.03
10/10/2014,361.70,0.00
10/11/2014,361.20,0.00
10/12/2014,373.20,0.03
10/13/2014,387.30,0.04
10/14/2014,397.10,0.03
10/15/2014,393.20,-0.01
10/16/2014,379.80,-0.03
10/17/2014,380.50,0.00
10/18/2014,390.90,0.03
10/19/2014,387.30,-0.01
10/20/2014,380.40,-0.02
10/21/2014,382.40,0.01
10/22/2014,378.90,-0.01
10/23/2014,355.80,-0.06
10/24/2014,355.10,0.00
10/25/2014,346.70,-0.02
10/26/2014,348.70,0.01
10/27/2014,350.10,0.00
10/28/2014,351.10,0.00
10/29/2014,335.10,-0.05
10/30/2014,344.90,0.03
10/31/2014,337.90,-0.02
11/1/2014,325.40,-0.04
11/2/2014,322.50,-0.01
11/3/2014,324.20,0.01
11/4/2014,328.00,0.01
11/5/2014,338.00,0.03
11/6/2014,347.70,0.03
11/7/2014,341.90,-0.02
11/8/2014,343.50,0.00
11/9/2014,362.00,0.05
11/10/2014,367.10,0.01
11/11/2014,365.40,0.00
11/12/2014,432.00,0.18
11/13/2014,428.70,-0.01
11/14/2014,396.50,-0.08
11/15/2014,374.90,-0.05
11/16/2014,385.60,0.03
11/17/2014,384.70,0.00
11/18/2014,379.20,-0.01
11/19/2014,381.40,0.01
11/20/2014,357.30,-0.06
11/21/2014,351.80,-0.02
11/22/2014,352.00,0.00
11/23/2014,365.90,0.04
11/24/2014,378.90,0.04
11/25/2014,376.40,-0.01
11/26/2014,365.40,-0.03
11/27/2014,368.80,0.01
11/28/2014,377.60,0.02
11/29/2014,376.30,0.00
11/30/2014,374.90,0.00
12/1/2014,378.60,0.01
12/2/2014,380.60,0.01
12/3/2014,377.00,-0.01
12/4/2014,369.80,-0.02
12/5/2014,377.60,0.02
12/6/2014,376.30,0.00
12/7/2014,376.50,0.00
12/8/2014,365.00,-0.03
12/9/2014,352.20,-0.04
12/10/2014,347.90,-0.01
12/11/2014,347.70,0.00
12/12/2014,353.40,0.02
12/13/2014,348.20,-0.01
12/14/2014,349.40,0.00
12/15/2014,345.40,-0.01
12/16/2014,330.20,-0.04
12/17/2014,320.00,-0.03
12/18/2014,310.30,-0.03
12/19/2014,317.80,0.02
12/20/2014,330.40,0.04
12/21/2014,322.60,-0.02
12/22/2014,330.80,0.03
12/23/2014,335.30,0.01
12/24/2014,322.40,-0.04
12/25/2014,319.00,-0.01
12/26/2014,330.00,0.03
12/27/2014,315.30,-0.04
12/28/2014,316.50,0.00
12/29/2014,314.10,-0.01
12/30/2014,311.30,-0.01
12/31/2014,318.20,0.02
1/1/2015,314.90,-0.01
1/2/2015,315.20,0.00
1/3/2015,287.10,-0.09
1/4/2015,264.70,-0.08
1/5/2015,274.80,0.04
1/6/2015,282.30,0.03
1/7/2015,291.30,0.03
1/8/2015,282.70,-0.03
1/9/2015,288.00,0.02
1/10/2015,273.40,-0.05
1/11/2015,264.80,-0.03
1/12/2015,269.30,0.02
1/13/2015,221.30,-0.18
1/14/2015,164.90,-0.25
1/15/2015,209.80,0.27
1/16/2015,206.90,-0.01
1/17/2015,199.60,-0.04
1/18/2015,210.60,0.05
1/19/2015,215.90,0.02
1/20/2015,210.60,-0.02
1/21/2015,228.20,0.08
1/22/2015,232.70,0.02
1/23/2015,232.20,0.00
1/24/2015,248.20,0.07
1/25/2015,252.10,0.02
1/26/2015,269.20,0.07
1/27/2015,263.30,-0.02
1/28/2015,236.20,-0.10
1/29/2015,234.00,-0.01
1/30/2015,231.80,-0.01
1/31/2015,218.50,-0.06
2/1/2015,225.30,0.03
2/2/2015,238.90,0.06
2/3/2015,227.40,-0.05
2/4/2015,226.60,0.00
2/5/2015,216.50,-0.04
2/6/2015,223.00,0.03
2/7/2015,227.70,0.02
2/8/2015,223.70,-0.02
2/9/2015,220.30,-0.01
2/10/2015,219.70,0.00
2/11/2015,218.80,0.00
2/12/2015,221.80,0.01
2/13/2015,236.20,0.06
2/14/2015,258.60,0.10
2/15/2015,233.30,-0.10
2/16/2015,235.80,0.01
2/17/2015,243.20,0.03
2/18/2015,235.20,-0.03
2/19/2015,241.90,0.03
2/20/2015,244.50,0.01
2/21/2015,244.40,0.00
2/22/2015,235.70,-0.04
2/23/2015,238.80,0.01
2/24/2015,238.90,0.00
2/25/2015,237.30,-0.01
2/26/2015,236.50,0.00
2/27/2015,253.50,0.07
2/28/2015,254.10,0.00
3/1/2015,257.90,0.02
3/2/2015,273.80,0.06
3/3/2015,280.60,0.03
3/4/2015,271.90,-0.03
3/5/2015,275.20,0.01
3/6/2015,272.60,-0.01
3/7/2015,274.90,0.01
3/8/2015,274.50,0.00
3/9/2015,290.00,0.06
3/10/2015,291.40,0.00
3/11/2015,295.60,0.01
3/12/2015,293.90,-0.01
3/13/2015,287.20,-0.02
3/14/2015,281.60,-0.02
3/15/2015,284.90,0.01
3/16/2015,290.40,0.02
3/17/2015,285.40,-0.02
3/18/2015,255.90,-0.10
3/19/2015,260.90,0.02
3/20/2015,261.80,0.00
3/21/2015,259.70,-0.01
3/22/2015,268.60,0.03
3/23/2015,265.50,-0.01
3/24/2015,246.70,-0.07
3/25/2015,246.40,0.00
3/26/2015,248.00,0.01
3/27/2015,247.20,0.00
3/28/2015,252.00,0.02
3/29/2015,242.10,-0.04
3/30/2015,246.80,0.02
3/31/2015,244.10,-0.01
4/1/2015,246.20,0.01
4/2/2015,252.60,0.03
4/3/2015,254.50,0.01
4/4/2015,252.90,-0.01
4/5/2015,259.60,0.03
4/6/2015,255.00,-0.02
4/7/2015,253.00,-0.01
4/8/2015,244.60,-0.03
4/9/2015,243.30,-0.01
4/10/2015,234.70,-0.04
4/11/2015,236.50,0.01
4/12/2015,235.90,0.00
4/13/2015,223.60,-0.05
4/14/2015,218.00,-0.03
4/15/2015,223.00,0.02
4/16/2015,228.00,0.02
4/17/2015,222.60,-0.02
4/18/2015,223.40,0.00
4/19/2015,223.00,0.00
4/20/2015,224.20,0.01
4/21/2015,233.70,0.04
4/22/2015,233.80,0.00
4/23/2015,235.40,0.01
4/24/2015,231.10,-0.02
4/25/2015,226.10,-0.02
4/26/2015,218.70,-0.03
4/27/2015,229.00,0.05
4/28/2015,225.80,-0.01
4/29/2015,225.40,0.00
4/30/2015,235.80,0.05
5/1/2015,233.20,-0.01
5/2/2015,235.30,0.01
5/3/2015,240.00,0.02
5/4/2015,239.00,0.00
5/5/2015,235.80,-0.01
5/6/2015,230.00,-0.02
5/7/2015,237.70,0.03
5/8/2015,243.70,0.03
5/9/2015,241.40,-0.01
5/10/2015,240.00,-0.01
5/11/2015,241.80,0.01
5/12/2015,241.60,0.00
5/13/2015,236.40,-0.02
5/14/2015,236.90,0.00
5/15/2015,237.20,0.00
5/16/2015,236.20,0.00
5/17/2015,236.30,0.00
5/18/2015,232.60,-0.02
5/19/2015,232.00,0.00
5/20/2015,234.00,0.01
5/21/2015,235.40,0.01
5/22/2015,240.40,0.02
5/23/2015,238.90,-0.01
5/24/2015,241.00,0.01
5/25/2015,237.40,-0.01
5/26/2015,237.80,0.00
5/27/2015,237.30,0.00
5/28/2015,237.30,0.00
5/29/2015,237.00,0.00
5/30/2015,233.20,-0.02
5/31/2015,229.80,-0.01
6/1/2015,223.10,-0.03
6/2/2015,225.70,0.01
6/3/2015,225.60,0.00
6/4/2015,224.20,-0.01
6/5/2015,225.30,0.00
6/6/2015,224.70,0.00
6/7/2015,223.50,-0.01
6/8/2015,228.60,0.02
6/9/2015,229.60,0.00
6/10/2015,228.80,0.00
6/11/2015,229.90,0.00
6/12/2015,230.50,0.00
6/13/2015,232.50,0.01
6/14/2015,233.80,0.01
6/15/2015,237.00,0.01
6/16/2015,249.80,0.05
6/17/2015,247.40,-0.01
6/18/2015,248.40,0.00
6/19/2015,244.10,-0.02
6/20/2015,245.00,0.00
6/21/2015,244.10,0.00
6/22/2015,247.50,0.01
6/23/2015,243.80,-0.02
6/24/2015,240.60,-0.01
6/25/2015,242.60,0.01
6/26/2015,242.90,0.00
6/27/2015,250.70,0.03
6/28/2015,248.90,-0.01
6/29/2015,257.00,0.03
6/30/2015,264.10,0.03
7/1/2015,257.60,-0.02
7/2/2015,254.90,-0.01
7/3/2015,255.40,0.00
7/4/2015,260.50,0.02
7/5/2015,270.10,0.04
7/6/2015,269.10,0.00
7/7/2015,266.20,-0.01
7/8/2015,268.60,0.01
7/9/2015,269.10,0.00
7/10/2015,283.60,0.05
7/11/2015,292.00,0.03
7/12/2015,310.40,0.06
7/13/2015,290.40,-0.06
7/14/2015,287.00,-0.01
7/15/2015,283.40,-0.01
7/16/2015,276.60,-0.02
7/17/2015,279.60,0.01
7/18/2015,274.00,-0.02
7/19/2015,273.20,0.00
7/20/2015,277.70,0.02
7/21/2015,275.10,-0.01
7/22/2015,276.50,0.01
7/23/2015,275.50,0.00
7/24/2015,288.40,0.05
7/25/2015,288.70,0.00
7/26/2015,291.80,0.01
7/27/2015,293.00,0.00
7/28/2015,293.70,0.00
7/29/2015,288.40,-0.02
7/30/2015,287.00,0.00
7/31/2015,283.70,-0.01
8/1/2015,280.50,-0.01
8/2/2015,281.40,0.00
8/3/2015,281.60,0.00
8/4/2015,284.30,0.01
8/5/2015,281.70,-0.01
8/6/2015,278.00,-0.01
8/7/2015,277.90,0.00
8/8/2015,258.60,-0.07
8/9/2015,263.90,0.02
8/10/2015,263.30,0.00
8/11/2015,269.00,0.02
8/12/2015,267.70,-0.01
8/13/2015,263.40,-0.02
8/14/2015,265.00,0.01
8/15/2015,260.50,-0.02
8/16/2015,257.10,-0.01
8/17/2015,257.10,0.00
8/18/2015,246.70,-0.04
8/19/2015,226.00,-0.08
8/20/2015,234.70,0.04
8/21/2015,232.40,-0.01
8/22/2015,229.50,-0.01
8/23/2015,226.80,-0.01
8/24/2015,211.40,-0.07
8/25/2015,220.50,0.04
8/26/2015,225.00,0.02
8/27/2015,222.70,-0.01
8/28/2015,231.60,0.04
8/29/2015,228.50,-0.01
8/30/2015,228.40,0.00
8/31/2015,229.50,0.00
9/1/2015,227.20,-0.01
9/2/2015,228.60,0.01
9/3/2015,226.20,-0.01
9/4/2015,230.30,0.02
9/5/2015,233.70,0.01
9/6/2015,239.90,0.03
9/7/2015,239.60,0.00
9/8/2015,243.20,0.02
9/9/2015,237.40,-0.02
9/10/2015,238.10,0.00
9/11/2015,239.90,0.01
9/12/2015,235.60,-0.02
9/13/2015,230.20,-0.02
9/14/2015,229.90,0.00
9/15/2015,229.50,0.00
9/16/2015,228.60,0.00
9/17/2015,232.70,0.02
9/18/2015,232.20,0.00
9/19/2015,231.10,0.00
9/20/2015,231.10,0.00
9/21/2015,226.30,-0.02
9/22/2015,230.00,0.02
9/23/2015,229.90,0.00
9/24/2015,233.80,0.02
9/25/2015,235.00,0.01
9/26/2015,234.30,0.00
9/27/2015,232.50,-0.01
9/28/2015,238.90,0.03
9/29/2015,236.70,-0.01
9/30/2015,235.90,0.00
10/1/2015,237.10,0.00
10/2/2015,236.70,0.00
10/3/2015,238.60,0.01
10/4/2015,238.30,0.00
10/5/2015,240.10,0.01
10/6/2015,246.10,0.02
10/7/2015,243.00,-0.01
10/8/2015,242.60,0.00
10/9/2015,244.00,0.01
10/10/2015,245.40,0.01
10/11/2015,247.60,0.01
10/12/2015,245.40,-0.01
10/13/2015,248.80,0.01
10/14/2015,252.30,0.01
10/15/2015,254.40,0.01
10/16/2015,262.90,0.03
10/17/2015,269.60,0.03
10/18/2015,261.70,-0.03
10/19/2015,263.80,0.01
10/20/2015,269.80,0.02
10/21/2015,267.10,-0.01
10/22/2015,274.40,0.03
10/23/2015,276.90,0.01
10/24/2015,282.60,0.02
10/25/2015,287.90,0.02
10/26/2015,285.10,-0.01
10/27/2015,294.70,0.03
10/28/2015,303.50,0.03
10/29/2015,313.60,0.03
10/30/2015,327.10,0.04
10/31/2015,311.20,-0.05
11/1/2015,323.00,0.04
11/2/2015,359.30,0.11
11/3/2015,396.50,0.10
11/4/2015,400.90,0.01
11/5/2015,382.70,-0.05
11/6/2015,369.80,-0.03
11/7/2015,385.10,0.04
11/8/2015,371.60,-0.04
11/9/2015,380.20,0.02
11/10/2015,336.70,-0.11
11/11/2015,304.70,-0.10
11/12/2015,333.90,0.10
11/13/2015,333.80,0.00
11/14/2015,331.80,-0.01
11/15/2015,317.50,-0.04
11/16/2015,330.20,0.04
11/17/2015,333.90,0.01
11/18/2015,335.90,0.01
11/19/2015,325.00,-0.03
11/20/2015,321.10,-0.01
11/21/2015,324.70,0.01
11/22/2015,322.80,-0.01
11/23/2015,322.10,0.00
11/24/2015,318.40,-0.01
11/25/2015,327.50,0.03
11/26/2015,353.70,0.08
11/27/2015,359.50,0.02
11/28/2015,355.80,-0.01
11/29/2015,370.80,0.04
11/30/2015,378.00,0.02
12/1/2015,361.80,-0.04
12/2/2015,360.00,-0.01
12/3/2015,360.30,0.00
12/4/2015,361.70,0.00
12/5/2015,386.70,0.07
12/6/2015,393.40,0.02
12/7/2015,394.30,0.00
12/8/2015,410.70,0.04
12/9/2015,416.00,0.01
12/10/2015,415.50,0.00
12/11/2015,449.80,0.08
12/12/2015,432.30,-0.04
12/13/2015,434.70,0.01
12/14/2015,442.00,0.02
12/15/2015,462.60,0.05
12/16/2015,454.00,-0.02
12/17/2015,455.50,0.00
12/18/2015,463.20,0.02
12/19/2015,461.20,0.00
12/20/2015,441.80,-0.04
12/21/2015,437.60,-0.01
12/22/2015,437.00,0.00
12/23/2015,442.40,0.01
12/24/2015,453.00,0.02
12/25/2015,454.00,0.00
12/26/2015,415.40,-0.09
12/27/2015,422.40,0.02
12/28/2015,421.80,0.00
12/29/2015,431.90,0.02
12/30/2015,427.10,-0.01
12/31/2015,430.00,0.01
1/1/2016,434.00,0.01
1/2/2016,433.70,0.00
1/3/2016,430.70,-0.01
1/4/2016,433.30,0.01
1/5/2016,431.20,0.00
1/6/2016,430.80,0.00
1/7/2016,457.00,0.06
1/8/2016,452.90,-0.01
1/9/2016,448.30,-0.01
1/10/2016,446.20,0.00
1/11/2016,447.70,0.00
1/12/2016,445.00,-0.01
1/13/2016,432.20,-0.03
1/14/2016,429.10,-0.01
1/15/2016,372.30,-0.13
1/16/2016,385.00,0.03
1/17/2016,382.50,-0.01
1/18/2016,384.40,0.01
1/19/2016,379.50,-0.01
1/20/2016,414.60,0.09
1/21/2016,410.20,-0.01
1/22/2016,382.60,-0.07
1/23/2016,388.60,0.02
1/24/2016,402.10,0.03
1/25/2016,392.80,-0.02
1/26/2016,389.80,-0.01
1/27/2016,395.00,0.01
1/28/2016,379.70,-0.04
1/29/2016,380.30,0.00
1/30/2016,377.80,-0.01
1/31/2016,369.80,-0.02
2/1/2016,372.20,0.01
2/2/2016,373.90,0.00
2/3/2016,368.00,-0.02
2/4/2016,390.60,0.06
2/5/2016,386.50,-0.01
2/6/2016,376.70,-0.03
2/7/2016,377.90,0.00
2/8/2016,372.60,-0.01
2/9/2016,375.30,0.01
2/10/2016,381.90,0.02
2/11/2016,379.50,-0.01
2/12/2016,384.00,0.01
2/13/2016,390.10,0.02
2/14/2016,405.50,0.04
2/15/2016,401.10,-0.01
2/16/2016,406.40,0.01
2/17/2016,417.10,0.03
2/18/2016,421.40,0.01
2/19/2016,420.00,0.00
2/20/2016,440.10,0.05
2/21/2016,437.90,-0.01
2/22/2016,437.80,0.00
2/23/2016,419.90,-0.04
2/24/2016,422.70,0.01
2/25/2016,423.50,0.00
2/26/2016,427.30,0.01
2/27/2016,431.30,0.01
2/28/2016,432.50,0.00
2/29/2016,436.20,0.01
3/1/2016,434.00,-0.01
3/2/2016,425.40,-0.02
3/3/2016,419.60,-0.01
3/4/2016,409.50,-0.02
3/5/2016,399.00,-0.03
3/6/2016,406.00,0.02
3/7/2016,414.90,0.02
3/8/2016,411.90,-0.01
3/9/2016,412.80,0.00
3/10/2016,415.80,0.01
3/11/2016,419.10,0.01
3/12/2016,410.40,-0.02
3/13/2016,412.40,0.01
3/14/2016,414.30,0.00
3/15/2016,415.10,0.00
3/16/2016,415.90,0.00
3/17/2016,418.20,0.01
3/18/2016,408.20,-0.02
3/19/2016,408.70,0.00
3/20/2016,411.50,0.01
3/21/2016,411.10,0.00
3/22/2016,416.20,0.01
3/23/2016,417.00,0.00
3/24/2016,414.70,-0.01
3/25/2016,415.70,0.00
3/26/2016,416.50,0.00
3/27/2016,424.60,0.02
3/28/2016,422.20,-0.01
3/29/2016,415.00,-0.02
3/30/2016,412.40,-0.01
3/31/2016,415.70,0.01
4/1/2016,415.60,0.00
4/2/2016,418.50,0.01
4/3/2016,419.10,0.00
4/4/2016,419.30,0.00
4/5/2016,422.10,0.01
4/6/2016,421.30,0.00
4/7/2016,420.10,0.00
4/8/2016,417.70,-0.01
4/9/2016,418.00,0.00
4/10/2016,420.30,0.01
4/11/2016,421.40,0.00
4/12/2016,424.70,0.01
4/13/2016,423.50,0.00
4/14/2016,424.00,0.00
4/15/2016,428.70,0.01
4/16/2016,430.00,0.00
4/17/2016,426.30,-0.01
4/18/2016,427.70,0.00
4/19/2016,434.90,0.02
4/20/2016,441.20,0.01
4/21/2016,449.30,0.02
4/22/2016,445.30,-0.01
4/23/2016,450.10,0.01
4/24/2016,457.60,0.02
4/25/2016,461.70,0.01
4/26/2016,466.00,0.01
4/27/2016,447.00,-0.04
4/28/2016,448.50,0.00
4/29/2016,455.00,0.01
4/30/2016,448.50,-0.01
5/1/2016,452.20,0.01
5/2/2016,444.20,-0.02
5/3/2016,450.30,0.01
5/4/2016,445.80,-0.01
5/5/2016,448.10,0.01
5/6/2016,459.60,0.03
5/7/2016,458.50,0.00
5/8/2016,457.90,0.00
5/9/2016,460.40,0.01
5/10/2016,449.40,-0.02
5/11/2016,452.50,0.01
5/12/2016,454.40,0.00
5/13/2016,455.40,0.00
5/14/2016,456.40,0.00
5/15/2016,458.10,0.00
5/16/2016,454.90,-0.01
5/17/2016,453.30,0.00
5/18/2016,454.20,0.00
5/19/2016,442.70,-0.03
5/20/2016,442.10,0.00
5/21/2016,443.60,0.00
5/22/2016,439.60,-0.01
5/23/2016,443.70,0.01
5/24/2016,446.10,0.01
5/25/2016,449.80,0.01
5/26/2016,453.30,0.01
5/27/2016,474.00,0.05
5/28/2016,524.20,0.11
5/29/2016,516.00,-0.02
5/30/2016,532.30,0.03
5/31/2016,528.90,-0.01
6/1/2016,537.40,0.02
6/2/2016,537.10,0.00
6/3/2016,567.00,0.06
6/4/2016,572.00,0.01
6/5/2016,574.90,0.01
6/6/2016,583.60,0.02
6/7/2016,575.60,-0.01
6/8/2016,580.50,0.01
6/9/2016,574.70,-0.01
6/10/2016,577.90,0.01
6/11/2016,591.60,0.02
6/12/2016,666.50,0.13
6/13/2016,700.10,0.05
6/14/2016,685.10,-0.02
6/15/2016,690.80,0.01
6/16/2016,761.20,0.10
6/17/2016,743.90,-0.02
6/18/2016,753.80,0.01
6/19/2016,761.00,0.01
6/20/2016,734.00,-0.04
6/21/2016,667.40,-0.09
6/22/2016,590.60,-0.12
6/23/2016,620.80,0.05
6/24/2016,656.90,0.06
6/25/2016,663.50,0.01
6/26/2016,625.40,-0.06
6/27/2016,644.70,0.03
6/28/2016,644.90,0.00
6/29/2016,636.50,-0.01
6/30/2016,670.00,0.05
7/1/2016,674.60,0.01
7/2/2016,698.10,0.03
7/3/2016,661.60,-0.05
7/4/2016,675.20,0.02
7/5/2016,663.70,-0.02
7/6/2016,672.70,0.01
7/7/2016,635.30,-0.06
7/8/2016,662.80,0.04
7/9/2016,651.80,-0.02
7/10/2016,647.10,-0.01
7/11/2016,646.70,0.00
7/12/2016,670.60,0.04
7/13/2016,661.20,-0.01
7/14/2016,657.30,-0.01
7/15/2016,664.20,0.01
7/16/2016,660.70,-0.01
7/17/2016,676.30,0.02
7/18/2016,670.40,-0.01
7/19/2016,671.10,0.00
7/20/2016,664.40,-0.01
7/21/2016,664.60,0.00
7/22/2016,651.10,-0.02
7/23/2016,655.20,0.01
7/24/2016,659.30,0.01
7/25/2016,654.00,-0.01
7/26/2016,654.40,0.00
7/27/2016,654.50,0.00
7/28/2016,654.10,0.00
7/29/2016,655.40,0.00
7/30/2016,654.70,0.00
7/31/2016,621.90,-0.05
8/1/2016,607.00,-0.02
8/2/2016,513.40,-0.15
8/3/2016,566.40,0.10
8/4/2016,576.20,0.02
8/5/2016,574.70,0.00
8/6/2016,586.50,0.02
8/7/2016,590.80,0.01
8/8/2016,589.20,0.00
8/9/2016,585.30,-0.01
8/10/2016,590.90,0.01
8/11/2016,587.80,-0.01
8/12/2016,587.10,0.00
8/13/2016,584.60,0.00
8/14/2016,569.10,-0.03
8/15/2016,567.00,0.00
8/16/2016,580.20,0.02
8/17/2016,572.30,-0.01
8/18/2016,573.40,0.00
8/19/2016,574.60,0.00
8/20/2016,582.60,0.01
8/21/2016,580.70,0.00
8/22/2016,587.50,0.01
8/23/2016,583.60,-0.01
8/24/2016,579.70,-0.01
8/25/2016,578.00,0.00
8/26/2016,579.40,0.00
8/27/2016,570.30,-0.02
8/28/2016,575.00,0.01
8/29/2016,574.20,0.00
8/30/2016,577.30,0.01
8/31/2016,573.90,-0.01
9/1/2016,572.00,0.00
9/2/2016,575.30,0.01
9/3/2016,598.80,0.04
9/4/2016,609.50,0.02
9/5/2016,605.80,-0.01
9/6/2016,610.40,0.01
9/7/2016,613.20,0.00
9/8/2016,625.60,0.02
9/9/2016,623.20,0.00
9/10/2016,624.50,0.00
9/11/2016,605.60,-0.03
9/12/2016,608.00,0.00
9/13/2016,608.60,0.00
9/14/2016,609.50,0.00
9/15/2016,608.10,0.00
9/16/2016,607.80,0.00
9/17/2016,607.10,0.00
9/18/2016,610.70,0.01
9/19/2016,609.80,0.00
9/20/2016,609.20,0.00
9/21/2016,597.20,-0.02
9/22/2016,595.60,0.00
9/23/2016,602.90,0.01
9/24/2016,602.60,0.00
9/25/2016,601.50,0.00
9/26/2016,606.50,0.01
9/27/2016,605.50,0.00
9/28/2016,604.70,0.00
9/29/2016,604.70,0.00
9/30/2016,608.10,0.01
10/1/2016,613.40,0.01
10/2/2016,610.70,0.00
10/3/2016,611.60,0.00
10/4/2016,609.00,0.00
10/5/2016,611.80,0.00
10/6/2016,611.00,0.00
10/7/2016,616.00,0.01
10/8/2016,617.70,0.00
10/9/2016,615.80,0.00
10/10/2016,617.30,0.00
10/11/2016,640.50,0.04
10/12/2016,636.00,-0.01
10/13/2016,635.60,0.00
10/14/2016,637.90,0.00
10/15/2016,637.00,0.00
10/16/2016,640.10,0.00
10/17/2016,637.40,0.00
10/18/2016,635.30,0.00
10/19/2016,629.10,-0.01
10/20/2016,628.30,0.00
10/21/2016,630.50,0.00
10/22/2016,655.50,0.04
10/23/2016,653.00,0.00
10/24/2016,650.50,0.00
10/25/2016,651.00,0.00
10/26/2016,674.70,0.04
10/27/2016,682.30,0.01
10/28/2016,686.20,0.01
10/29/2016,715.00,0.04
10/30/2016,697.30,-0.02
10/31/2016,698.70,0.00
11/1/2016,726.80,0.04
11/2/2016,733.50,0.01
11/3/2016,684.90,-0.07
11/4/2016,702.10,0.03
11/5/2016,702.10,0.00
11/6/2016,709.90,0.01
11/7/2016,705.40,-0.01
11/8/2016,710.90,0.01
11/9/2016,721.40,0.01
11/10/2016,714.60,-0.01
11/11/2016,715.00,0.00
11/12/2016,704.30,-0.02
11/13/2016,702.00,0.00
11/14/2016,704.60,0.00
11/15/2016,711.10,0.01
11/16/2016,740.30,0.04
11/17/2016,737.50,0.00
11/18/2016,747.00,0.01
11/19/2016,747.90,0.00
11/20/2016,728.50,-0.03
11/21/2016,736.20,0.01
11/22/2016,749.30,0.02
11/23/2016,741.10,-0.01
11/24/2016,735.30,-0.01
11/25/2016,740.40,0.01
11/26/2016,734.10,-0.01
11/27/2016,729.40,-0.01
11/28/2016,733.30,0.01
11/29/2016,732.60,0.00
11/30/2016,742.50,0.01
12/1/2016,752.60,0.01
12/2/2016,770.90,0.02
12/3/2016,764.20,-0.01
12/4/2016,766.40,0.00
12/5/2016,754.30,-0.02
12/6/2016,758.20,0.01
12/7/2016,765.60,0.01
12/8/2016,768.50,0.00
12/9/2016,770.50,0.00
12/10/2016,774.00,0.00
12/11/2016,767.90,-0.01
12/12/2016,778.50,0.01
12/13/2016,778.70,0.00
12/14/2016,776.50,0.00
12/15/2016,775.20,0.00
12/16/2016,782.00,0.01
12/17/2016,787.20,0.01
12/18/2016,789.00,0.00
12/19/2016,789.80,0.00
12/20/2016,799.10,0.01
12/21/2016,829.20,0.04
12/22/2016,860.20,0.04
12/23/2016,917.20,0.07
12/24/2016,891.10,-0.03
12/25/2016,891.10,0.00
12/26/2016,898.40,0.01
12/27/2016,925.80,0.03
12/28/2016,972.20,0.05
12/29/2016,971.10,0.00
12/30/2016,959.00,-0.01
12/31/2016,963.40,0.00
1/1/2017,995.40,0.03
1/2/2017,1017.00,0.02
1/3/2017,1033.30,0.02
1/4/2017,1135.40,0.10
1/5/2017,989.30,-0.13
1/6/2017,886.20,-0.10
1/7/2017,888.90,0.00
1/8/2017,900.90,0.01
1/9/2017,899.80,0.00
1/10/2017,904.40,0.01
1/11/2017,785.40,-0.13
1/12/2017,810.10,0.03
1/13/2017,824.80,0.02
1/14/2017,819.60,-0.01
1/15/2017,821.20,0.00
1/16/2017,827.30,0.01
1/17/2017,899.70,0.09
1/18/2017,872.00,-0.03
1/19/2017,895.20,0.03
1/20/2017,892.90,0.00
1/21/2017,919.80,0.03
1/22/2017,918.80,0.00
1/23/2017,921.50,0.00
1/24/2017,893.80,-0.03
1/25/2017,894.40,0.00
1/26/2017,915.60,0.02
1/27/2017,918.00,0.00
1/28/2017,918.50,0.00
1/29/2017,914.50,0.00
1/30/2017,920.70,0.01
1/31/2017,965.50,0.05
2/1/2017,982.40,0.02
2/2/2017,1004.00,0.02
2/3/2017,1013.00,0.01
2/4/2017,1031.80,0.02
2/5/2017,1016.10,-0.02
2/6/2017,1024.70,0.01
2/7/2017,1049.60,0.02
2/8/2017,1055.50,0.01
2/9/2017,979.00,-0.07
2/10/2017,997.60,0.02
2/11/2017,1008.30,0.01
2/12/2017,996.50,-0.01
2/13/2017,995.40,0.00
2/14/2017,1008.30,0.01
2/15/2017,1008.20,0.00
2/16/2017,1031.90,0.02
2/17/2017,1049.40,0.02
2/18/2017,1052.30,0.00
2/19/2017,1048.90,0.00
2/20/2017,1077.60,0.03
2/21/2017,1119.00,0.04
2/22/2017,1120.50,0.00
2/23/2017,1171.90,0.05
2/24/2017,1176.50,0.00
2/25/2017,1149.10,-0.02
2/26/2017,1171.60,0.02
2/27/2017,1188.80,0.01
2/28/2017,1189.30,0.00
3/1/2017,1222.70,0.03
3/2/2017,1255.50,0.03
3/3/2017,1283.30,0.02
3/4/2017,1264.30,-0.01
3/5/2017,1271.20,0.01
3/6/2017,1277.00,0.00
3/7/2017,1232.70,-0.03
3/8/2017,1147.00,-0.07
3/9/2017,1191.30,0.04
3/10/2017,1112.40,-0.07
3/11/2017,1179.20,0.06
3/12/2017,1225.10,0.04
3/13/2017,1238.20,0.01
3/14/2017,1243.10,0.00
3/15/2017,1253.40,0.01
3/16/2017,1172.90,-0.06
3/17/2017,1071.70,-0.09
3/18/2017,971.40,-0.09
3/19/2017,1022.60,0.05
3/20/2017,1047.50,0.02
3/21/2017,1121.30,0.07
3/22/2017,1044.70,-0.07
3/23/2017,1035.00,-0.01
3/24/2017,939.70,-0.09
3/25/2017,966.30,0.03
3/26/2017,969.40,0.00
3/27/2017,1045.10,0.08
3/28/2017,1044.40,0.00
3/29/2017,1041.90,0.00
3/30/2017,1037.90,0.00
3/31/2017,1079.10,0.04
4/1/2017,1086.10,0.01
4/2/2017,1097.40,0.01
4/3/2017,1147.60,0.05
4/4/2017,1141.80,-0.01
4/5/2017,1129.90,-0.01
4/6/2017,1188.70,0.05
4/7/2017,1190.50,0.00
4/8/2017,1180.80,-0.01
4/9/2017,1204.30,0.02
4/10/2017,1206.70,0.00
4/11/2017,1220.70,0.01
4/12/2017,1212.50,-0.01
4/13/2017,1176.20,-0.03
4/14/2017,1177.30,0.00
4/15/2017,1177.00,0.00
4/16/2017,1176.80,0.00
4/17/2017,1194.00,0.01
4/18/2017,1206.10,0.01
4/19/2017,1215.20,0.01
4/20/2017,1238.10,0.02
4/21/2017,1249.60,0.01
4/22/2017,1240.90,-0.01
4/23/2017,1249.10,0.01
4/24/2017,1248.20,0.00
4/25/2017,1264.30,0.01
4/26/2017,1286.60,0.02
4/27/2017,1332.90,0.04
4/28/2017,1329.60,0.00
4/29/2017,1336.30,0.01
4/30/2017,1351.90,0.01
5/1/2017,1415.80,0.05
5/2/2017,1445.90,0.02
5/3/2017,1485.60,0.03
5/4/2017,1516.80,0.02
5/5/2017,1507.80,-0.01
5/6/2017,1545.30,0.02
5/7/2017,1554.40,0.01
5/8/2017,1664.50,0.07
5/9/2017,1697.50,0.02
5/10/2017,1752.30,0.03
5/11/2017,1819.30,0.04
5/12/2017,1686.40,-0.07
5/13/2017,1763.70,0.05
5/14/2017,1772.60,0.01
5/15/2017,1708.90,-0.04
5/16/2017,1729.30,0.01
5/17/2017,1801.30,0.04
5/18/2017,1881.00,0.04
5/19/2017,1962.00,0.04
5/20/2017,2040.20,0.04
5/21/2017,2044.20,0.00
5/22/2017,2124.40,0.04
5/23/2017,2272.60,0.07
5/24/2017,2445.30,0.08
5/25/2017,2307.20,-0.06
5/26/2017,2244.90,-0.03
5/27/2017,2052.40,-0.09
5/28/2017,2189.00,0.07
5/29/2017,2278.20,0.04
5/30/2017,2192.60,-0.04
5/31/2017,2303.30,0.05
6/1/2017,2412.60,0.05
6/2/2017,2492.60,0.03
6/3/2017,2545.40,0.02
6/4/2017,2524.10,-0.01
6/5/2017,2705.00,0.07
6/6/2017,2870.50,0.06
6/7/2017,2691.50,-0.06
6/8/2017,2798.80,0.04
6/9/2017,2811.40,0.00
6/10/2017,2900.30,0.03
6/11/2017,2973.40,0.03
6/12/2017,2656.80,-0.11
6/13/2017,2713.00,0.02
6/14/2017,2467.30,-0.09
6/15/2017,2442.50,-0.01
6/16/2017,2508.60,0.03
6/17/2017,2655.10,0.06
6/18/2017,2539.60,-0.04
6/19/2017,2616.80,0.03
6/20/2017,2754.40,0.05
6/21/2017,2677.60,-0.03
6/22/2017,2722.80,0.02
6/23/2017,2710.40,0.00
6/24/2017,2590.10,-0.04
6/25/2017,2541.60,-0.02
6/26/2017,2446.10,-0.04
6/27/2017,2583.80,0.06
6/28/2017,2577.70,0.00
6/29/2017,2558.40,-0.01
6/30/2017,2480.60,-0.03
7/1/2017,2424.60,-0.02
7/2/2017,2536.50,0.05
7/3/2017,2572.50,0.01
7/4/2017,2617.30,0.02
7/5/2017,2627.90,0.00
7/6/2017,2614.20,-0.01
7/7/2017,2513.90,-0.04
7/8/2017,2564.90,0.02
7/9/2017,2511.40,-0.02
7/10/2017,2344.00,-0.07
7/11/2017,2324.30,-0.01
7/12/2017,2403.10,0.03
7/13/2017,2362.40,-0.02
7/14/2017,2234.20,-0.05
7/15/2017,1975.10,-0.12
7/16/2017,1914.10,-0.03
7/17/2017,2233.40,0.17
7/18/2017,2320.20,0.04
7/19/2017,2282.60,-0.02
7/20/2017,2866.00,0.26
7/21/2017,2675.10,-0.07
7/22/2017,2836.50,0.06
7/23/2017,2756.60,-0.03
7/24/2017,2763.40,0.00
7/25/2017,2582.60,-0.07
7/26/2017,2559.20,-0.01
7/27/2017,2691.90,0.05
7/28/2017,2806.80,0.04
7/29/2017,2733.50,-0.03
7/30/2017,2766.50,0.01
7/31/2017,2883.30,0.04
8/1/2017,2747.00,-0.05
8/2/2017,2720.50,-0.01
8/3/2017,2810.00,0.03
8/4/2017,2878.50,0.02
8/5/2017,3262.80,0.13
8/6/2017,3232.00,-0.01
8/7/2017,3401.90,0.05
8/8/2017,3429.40,0.01
8/9/2017,3348.80,-0.02
8/10/2017,3425.70,0.02
8/11/2017,3654.40,0.07
8/12/2017,3871.60,0.06
8/13/2017,4062.60,0.05
8/14/2017,4327.90,0.07
8/15/2017,4161.70,-0.04
8/16/2017,4387.40,0.05
8/17/2017,4278.90,-0.02
8/18/2017,4105.40,-0.04
8/19/2017,4150.50,0.01
8/20/2017,4066.60,-0.02
8/21/2017,4005.10,-0.02
8/22/2017,4089.70,0.02
8/23/2017,4141.10,0.01
8/24/2017,4318.40,0.04
8/25/2017,4364.40,0.01
8/26/2017,4352.30,0.00
8/27/2017,4345.80,0.00
8/28/2017,4390.30,0.01
8/29/2017,4597.30,0.05
8/30/2017,4583.00,0.00
8/31/2017,4735.10,0.03
9/1/2017,4921.90,0.04
9/2/2017,4573.80,-0.07
9/3/2017,4612.90,0.01
9/4/2017,4267.50,-0.07
9/5/2017,4409.10,0.03
9/6/2017,4618.70,0.05
9/7/2017,4635.60,0.00
9/8/2017,4326.50,-0.07
9/9/2017,4335.10,0.00
9/10/2017,4245.90,-0.02
9/11/2017,4217.90,-0.01
9/12/2017,4158.90,-0.01
9/13/2017,3870.30,-0.07
9/14/2017,3243.10,-0.16
9/15/2017,3713.80,0.15
9/16/2017,3698.90,0.00
9/17/2017,3689.60,0.00
9/18/2017,4100.30,0.11
9/19/2017,3908.00,-0.05
9/20/2017,3882.20,-0.01
9/21/2017,3617.30,-0.07
9/22/2017,3600.80,0.00
9/23/2017,3788.00,0.05
9/24/2017,3667.50,-0.03
9/25/2017,3932.80,0.07
9/26/2017,3892.70,-0.01
9/27/2017,4212.20,0.08
9/28/2017,4195.60,0.00
9/29/2017,4172.80,-0.01
9/30/2017,4360.60,0.05
10/1/2017,4403.10,0.01
10/2/2017,4401.30,0.00
10/3/2017,4314.20,-0.02
10/4/2017,4218.70,-0.02
10/5/2017,4321.40,0.02
10/6/2017,4371.90,0.01
10/7/2017,4435.80,0.01
10/8/2017,4611.70,0.04
10/9/2017,4777.50,0.04
10/10/2017,4763.40,0.00
10/11/2017,4824.20,0.01
10/12/2017,5432.60,0.13
10/13/2017,5637.30,0.04
10/14/2017,5824.70,0.03
10/15/2017,5688.10,-0.02
10/16/2017,5759.30,0.01
10/17/2017,5598.60,-0.03
10/18/2017,5575.80,0.00
10/19/2017,5698.60,0.02
10/20/2017,5993.10,0.05
10/21/2017,6006.60,0.00
10/22/2017,5982.90,0.00
10/23/2017,5903.60,-0.01
10/24/2017,5513.10,-0.07
10/25/2017,5734.00,0.04
10/26/2017,5887.60,0.03
10/27/2017,5764.60,-0.02
10/28/2017,5726.60,-0.01
10/29/2017,6147.50,0.07
10/30/2017,6124.30,0.00
10/31/2017,6451.20,0.05
11/1/2017,6737.80,0.04
11/2/2017,7024.80,0.04
11/3/2017,7152.10,0.02
11/4/2017,7363.80,0.03
11/5/2017,7389.50,0.00
11/6/2017,6959.20,-0.06
11/7/2017,7102.80,0.02
11/8/2017,7444.40,0.05
11/9/2017,7129.60,-0.04
11/10/2017,6565.80,-0.08
11/11/2017,6339.90,-0.03
11/12/2017,5878.10,-0.07
11/13/2017,6522.50,0.11
11/14/2017,6597.10,0.01
11/15/2017,7283.20,0.10
11/16/2017,7853.70,0.08
11/17/2017,7700.00,-0.02
11/18/2017,7780.90,0.01
11/19/2017,8042.60,0.03
11/20/2017,8244.70,0.03
11/21/2017,8100.00,-0.02
11/22/2017,8234.50,0.02
11/23/2017,8013.40,-0.03
11/24/2017,8200.80,0.02
11/25/2017,8754.70,0.07
11/26/2017,9318.40,0.06
11/27/2017,9733.20,0.04
11/28/2017,9906.00,0.02
11/29/2017,9837.90,-0.01
11/30/2017,9946.80,0.01
12/1/2017,10861.50,0.09
12/2/2017,10912.70,0.00
12/3/2017,11246.20,0.03
12/4/2017,11623.90,0.03
12/5/2017,11667.10,0.00
12/6/2017,13749.60,0.18
12/7/2017,16850.30,0.23
12/8/2017,16047.60,-0.05
12/9/2017,14843.40,-0.08
12/10/2017,15059.60,0.01
12/11/2017,16732.50,0.11
12/12/2017,17083.90,0.02
12/13/2017,16286.80,-0.05
12/14/2017,16467.90,0.01
12/15/2017,17604.80,0.07
12/16/2017,19345.50,0.10
12/17/2017,19065.70,-0.01
12/18/2017,18972.30,0.00
12/19/2017,17523.70,-0.08
12/20/2017,16462.00,-0.06
12/21/2017,15632.10,-0.05
12/22/2017,13665.00,-0.13
12/23/2017,14396.50,0.05
12/24/2017,13790.00,-0.04
12/25/2017,13833.50,0.00
12/26/2017,15756.60,0.14
12/27/2017,15416.60,-0.02
12/28/2017,14398.70,-0.07
12/29/2017,14392.60,0.00
12/30/2017,12531.50,-0.13
12/31/2017,13850.40,0.11
1/1/2018,13444.90,-0.03
1/2/2018,14754.10,0.10
1/3/2018,15156.60,0.03
1/4/2018,15180.10,0.00
1/5/2018,16954.80,0.12
1/6/2018,17172.30,0.01
1/7/2018,16228.20,-0.06
1/8/2018,14976.20,-0.08
1/9/2018,14778.50,-0.01
1/10/2018,15043.00,0.02
1/11/2018,13535.40,-0.10
1/12/2018,13886.70,0.03
1/13/2018,14292.20,0.03
1/14/2018,13695.20,-0.04
1/15/2018,13697.50,0.00
1/16/2018,11362.00,-0.17
1/17/2018,11192.30,-0.01
1/18/2018,11245.40,0.00
1/19/2018,11580.20,0.03
1/20/2018,12858.90,0.11
1/21/2018,11594.90,-0.10
1/22/2018,10864.80,-0.06
1/23/2018,10903.20,0.00
1/24/2018,11452.30,0.05
1/25/2018,11203.00,-0.02
1/26/2018,11118.10,-0.01
1/27/2018,11467.50,0.03
1/28/2018,11795.10,0.03
1/29/2018,11244.80,-0.05
1/30/2018,10166.00,-0.10
1/31/2018,10265.40,0.01
2/1/2018,9181.10,-0.11
2/2/2018,8893.20,-0.03
2/3/2018,9241.10,0.04
2/4/2018,8222.20,-0.11
2/5/2018,6938.50,-0.16
2/6/2018,7701.20,0.11
2/7/2018,7594.70,-0.01
2/8/2018,8164.20,0.08
2/9/2018,8699.80,0.07
2/10/2018,8559.60,-0.02
2/11/2018,8081.90,-0.06
2/12/2018,8903.50,0.10
2/13/2018,8539.20,-0.04
2/14/2018,9476.30,0.11
2/15/2018,10037.30,0.06
2/16/2018,10178.70,0.01
2/17/2018,11073.50,0.09
2/18/2018,10398.80,-0.06
2/19/2018,11169.40,0.07
2/20/2018,11238.70,0.01
2/21/2018,10473.00,-0.07
2/22/2018,9841.70,-0.06
2/23/2018,10170.40,0.03
2/24/2018,9704.30,-0.05
2/25/2018,9585.20,-0.01
2/26/2018,10285.10,0.07
2/27/2018,10594.40,0.03
2/28/2018,10333.90,-0.02
3/1/2018,10904.50,0.06
3/2/2018,10827.70,-0.01
3/3/2018,11402.30,0.05
3/4/2018,11416.50,0.00
3/5/2018,11330.60,-0.01
3/6/2018,10675.10,-0.06
3/7/2018,9902.90,-0.07
3/8/2018,9300.00,-0.06
3/9/2018,9217.00,-0.01
3/10/2018,8762.00,-0.05
3/11/2018,9529.60,0.09
3/12/2018,9137.40,-0.04
3/13/2018,9154.90,0.00
3/14/2018,8210.60,-0.10
3/15/2018,8264.40,0.01
3/16/2018,8289.20,0.00
3/17/2018,7874.90,-0.05
3/18/2018,8201.20,0.04
3/19/2018,8616.80,0.05
3/20/2018,8912.60,0.03
3/21/2018,8905.90,0.00
3/22/2018,8726.20,-0.02
3/23/2018,8916.80,0.02
3/24/2018,8547.40,-0.04
3/25/2018,8473.20,-0.01
3/26/2018,8143.50,-0.04
3/27/2018,7801.70,-0.04
3/28/2018,7954.90,0.02
3/29/2018,7129.20,-0.10
3/30/2018,6853.70,-0.04
3/31/2018,6938.20,0.01
4/1/2018,6825.20,-0.02
4/2/2018,7068.40,0.04
4/3/2018,7424.20,0.05
4/4/2018,6808.90,-0.08
4/5/2018,6782.00,0.00
4/6/2018,6624.30,-0.02
4/7/2018,6905.70,0.04
4/8/2018,7030.50,0.02
4/9/2018,6781.90,-0.04
4/10/2018,6854.80,0.01
4/11/2018,6962.10,0.02
4/12/2018,7926.60,0.14
4/13/2018,7887.40,0.00
4/14/2018,8004.40,0.01
4/15/2018,8363.60,0.04
4/16/2018,8070.00,-0.04
4/17/2018,7908.60,-0.02
4/18/2018,8178.40,0.03
4/19/2018,8290.80,0.01
4/20/2018,8867.00,0.07
4/21/2018,8923.10,0.01
4/22/2018,8806.70,-0.01
4/23/2018,8952.80,0.02
4/24/2018,9645.30,0.08
4/25/2018,8873.10,-0.08
4/26/2018,9287.00,0.05
4/27/2018,8940.90,-0.04
4/28/2018,9352.40,0.05
4/29/2018,9415.10,0.01
4/30/2018,9245.10,-0.02
5/1/2018,9074.90,-0.02
5/2/2018,9243.20,0.02
5/3/2018,9749.70,0.05
5/4/2018,9708.60,0.00
5/5/2018,9853.50,0.01
5/6/2018,9656.40,-0.02
5/7/2018,9431.60,-0.02
5/8/2018,9196.40,-0.02
5/9/2018,9319.10,0.01
5/10/2018,9025.70,-0.03
5/11/2018,8408.30,-0.07
5/12/2018,8459.50,0.01
5/13/2018,8693.50,0.03
5/14/2018,8674.10,0.00
5/15/2018,8477.00,-0.02
5/16/2018,8344.40,-0.02
5/17/2018,8063.00,-0.03
5/18/2018,8245.70,0.02
5/19/2018,8245.10,0.00
5/20/2018,8529.00,0.03
5/21/2018,8403.30,-0.01
5/22/2018,8006.00,-0.05
5/23/2018,7512.30,-0.06
5/24/2018,7592.90,0.01
5/25/2018,7477.70,-0.02
5/26/2018,7361.30,-0.02
5/27/2018,7366.70,0.00
5/28/2018,7119.30,-0.03
5/29/2018,7467.70,0.05
5/30/2018,7400.10,-0.01
5/31/2018,7502.60,0.01
6/1/2018,7530.80,0.00
6/2/2018,7646.60,0.02
6/3/2018,7729.30,0.01
6/4/2018,7504.30,-0.03
6/5/2018,7631.50,0.02
6/6/2018,7661.00,0.00
6/7/2018,7697.80,0.00
6/8/2018,7622.10,-0.01
6/9/2018,7515.80,-0.01
6/10/2018,6775.10,-0.10
6/11/2018,6885.90,0.02
6/12/2018,6558.20,-0.05
6/13/2018,6312.30,-0.04
6/14/2018,6647.10,0.05
6/15/2018,6410.30,-0.04
6/16/2018,6505.80,0.01
6/17/2018,6460.30,-0.01
6/18/2018,6719.80,0.04
6/19/2018,6752.40,0.00
6/20/2018,6765.40,0.00
6/21/2018,6728.00,-0.01
6/22/2018,6055.70,-0.10
6/23/2018,6167.30,0.02
6/24/2018,6154.60,0.00
6/25/2018,6256.60,0.02
6/26/2018,6082.10,-0.03
6/27/2018,6154.90,0.01
6/28/2018,5883.50,-0.04
6/29/2018,6213.30,0.06
6/30/2018,6398.90,0.03
7/1/2018,6366.80,-0.01
7/2/2018,6619.50,0.04
7/3/2018,6513.50,-0.02
7/4/2018,6598.40,0.01
7/5/2018,6546.50,-0.01
7/6/2018,6617.70,0.01
7/7/2018,6765.50,0.02
7/8/2018,6714.80,-0.01
7/9/2018,6667.10,-0.01
7/10/2018,6307.20,-0.05
7/11/2018,6389.10,0.01
7/12/2018,6250.60,-0.02
7/13/2018,6230.20,0.00
7/14/2018,6254.80,0.00
7/15/2018,6362.90,0.02
7/16/2018,6729.90,0.06
7/17/2018,7322.00,0.09
7/18/2018,7383.60,0.01
7/19/2018,7477.50,0.01
7/20/2018,7339.40,-0.02
7/21/2018,7408.70,0.01
7/22/2018,7412.30,0.00
7/23/2018,7723.00,0.04
7/24/2018,8407.00,0.09
7/25/2018,8173.70,-0.03
7/26/2018,7937.00,-0.03
7/27/2018,8187.40,0.03
7/28/2018,8234.10,0.01
7/29/2018,8215.60,0.00
7/30/2018,8177.10,0.00
7/31/2018,7729.40,-0.05
8/1/2018,7606.40,-0.02
8/2/2018,7535.60,-0.01
8/3/2018,7419.00,-0.02
8/4/2018,7014.30,-0.05
8/5/2018,7027.10,0.00
8/6/2018,6943.60,-0.01
8/7/2018,6724.90,-0.03
8/8/2018,6283.60,-0.07
8/9/2018,6538.80,0.04
8/10/2018,6152.30,-0.06
8/11/2018,6231.60,0.01
8/12/2018,6313.00,0.01
8/13/2018,6255.30,-0.01
8/14/2018,6190.20,-0.01
8/15/2018,6256.90,0.01
8/16/2018,6306.70,0.01
8/17/2018,6581.70,0.04
8/18/2018,6379.10,-0.03
8/19/2018,6481.50,0.02
8/20/2018,6268.10,-0.03
8/21/2018,6482.20,0.03
8/22/2018,6359.60,-0.02
8/23/2018,6521.20,0.03
8/24/2018,6680.40,0.02
8/25/2018,6734.80,0.01
8/26/2018,6712.70,0.00
8/27/2018,6897.60,0.03
8/28/2018,7074.60,0.03
8/29/2018,7029.10,-0.01
8/30/2018,6993.70,-0.01
8/31/2018,7033.80,0.01
9/1/2018,7189.60,0.02
9/2/2018,7293.90,0.01
9/3/2018,7264.20,0.00
9/4/2018,7377.50,0.02
9/5/2018,6706.80,-0.09
9/6/2018,6514.00,-0.03
9/7/2018,6390.90,-0.02
9/8/2018,6184.30,-0.03
9/9/2018,6238.50,0.01
9/10/2018,6321.00,0.01
9/11/2018,6293.90,0.00
9/12/2018,6338.00,0.01
9/13/2018,6482.90,0.02
9/14/2018,6483.70,0.00
9/15/2018,6519.00,0.01
9/16/2018,6500.20,0.00
9/17/2018,6251.90,-0.04
9/18/2018,6342.00,0.01
9/19/2018,6390.40,0.01
9/20/2018,6489.20,0.02
9/21/2018,6766.70,0.04
9/22/2018,6729.60,-0.01
9/23/2018,6704.10,0.00
9/24/2018,6584.10,-0.02
9/25/2018,6445.10,-0.02
9/26/2018,6468.10,0.00
9/27/2018,6689.20,0.03
9/28/2018,6636.00,-0.01
9/29/2018,6603.90,0.00
9/30/2018,6635.20,0.00
10/1/2018,6608.20,0.00
10/2/2018,6549.90,-0.01
10/3/2018,6507.80,-0.01
10/4/2018,6584.20,0.01
10/5/2018,6639.10,0.01
10/6/2018,6596.30,-0.01
10/7/2018,6611.00,0.00
10/8/2018,6669.60,0.01
10/9/2018,6650.80,0.00
10/10/2018,6618.00,0.00
10/11/2018,6239.10,-0.06
10/12/2018,6291.30,0.01
10/13/2018,6321.70,0.00
10/14/2018,6326.80,0.00
10/15/2018,6699.80,0.06
10/16/2018,6705.30,0.00
10/17/2018,6686.60,0.00
10/18/2018,6574.10,-0.02
10/19/2018,6512.00,-0.01
10/20/2018,6572.20,0.01
10/21/2018,6583.00,0.00
10/22/2018,6555.80,0.00
10/23/2018,6528.70,0.00
10/24/2018,6530.70,0.00
10/25/2018,6507.00,0.00
10/26/2018,6510.00,0.00
10/27/2018,6494.20,0.00
10/28/2018,6486.10,0.00
10/29/2018,6335.00,-0.02
10/30/2018,6325.70,0.00
10/31/2018,6365.90,0.01
11/1/2018,6400.50,0.01
11/2/2018,6424.70,0.00
11/3/2018,6386.20,-0.01
11/4/2018,6478.20,0.01
11/5/2018,6459.70,0.00
11/6/2018,6502.80,0.01
11/7/2018,6565.30,0.01
11/8/2018,6474.00,-0.01
11/9/2018,6412.00,-0.01
11/10/2018,6427.10,0.00
11/11/2018,6446.10,0.00
11/12/2018,6435.00,0.00
11/13/2018,6429.20,0.00
11/14/2018,5842.40,-0.09
11/15/2018,5718.90,-0.02
11/16/2018,5636.20,-0.01
11/17/2018,5621.80,0.00
11/18/2018,5658.30,0.01
11/19/2018,4883.80,-0.14
11/20/2018,4524.60,-0.07
11/21/2018,4638.70,0.03
11/22/2018,4356.00,-0.06
11/23/2018,4398.00,0.01
11/24/2018,3920.40,-0.11
11/25/2018,4062.20,0.04
11/26/2018,3837.00,-0.06
11/27/2018,3866.50,0.01
11/28/2018,4265.40,0.10
11/29/2018,4296.50,0.01
11/30/2018,4039.70,-0.06
12/1/2018,4196.20,0.04
12/2/2018,4160.40,-0.01
12/3/2018,3897.80,-0.06
12/4/2018,3958.50,0.02
12/5/2018,3771.60,-0.05
12/6/2018,3508.60,-0.07
12/7/2018,3422.20,-0.02
12/8/2018,3430.40,0.00
12/9/2018,3567.50,0.04
12/10/2018,3460.50,-0.03
12/11/2018,3407.70,-0.02
12/12/2018,3466.10,0.02
12/13/2018,3315.30,-0.04
12/14/2018,3247.80,-0.02
12/15/2018,3228.70,-0.01
12/16/2018,3247.90,0.01
12/17/2018,3526.10,0.09
12/18/2018,3668.00,0.04
12/19/2018,3687.10,0.01
12/20/2018,4076.00,0.11
12/21/2018,3850.90,-0.06
12/22/2018,3964.40,0.03
12/23/2018,3944.40,-0.01
12/24/2018,4026.10,0.02
12/25/2018,3762.50,-0.07
12/26/2018,3793.70,0.01
12/27/2018,3586.90,-0.05
12/28/2018,3861.60,0.08
12/29/2018,3706.80,-0.04
12/30/2018,3815.00,0.03
12/31/2018,3709.40,-0.03
1/1/2019,3809.40,0.03
1/2/2019,3873.80,0.02
1/3/2019,3780.10,-0.02
1/4/2019,3802.70,0.01
1/5/2019,3785.40,0.00
1/6/2019,4004.10,0.06
1/7/2019,3985.90,0.00
1/8/2019,3971.00,0.00
1/9/2019,3978.00,0.00
1/10/2019,3603.70,-0.09
1/11/2019,3616.50,0.00
1/12/2019,3597.20,-0.01
1/13/2019,3490.20,-0.03
1/14/2019,3638.10,0.04
1/15/2019,3571.30,-0.02
1/16/2019,3588.00,0.00
1/17/2019,3626.40,0.01
1/18/2019,3605.60,-0.01
1/19/2019,3677.80,0.02
1/20/2019,3542.30,-0.04
1/21/2019,3536.70,0.00
1/22/2019,3580.10,0.01
1/23/2019,3561.50,-0.01
1/24/2019,3574.30,0.00
1/25/2019,3572.00,0.00
1/26/2019,3570.90,0.00
1/27/2019,3555.60,0.00
1/28/2019,3442.80,-0.03
1/29/2019,3414.80,-0.01
1/30/2019,3460.00,0.01
1/31/2019,3437.20,-0.01
2/1/2019,3467.90,0.01
2/2/2019,3502.50,0.01
2/3/2019,3459.10,-0.01
2/4/2019,3462.80,0.00
2/5/2019,3468.40,0.00
2/6/2019,3404.30,-0.02
2/7/2019,3397.70,0.00
2/8/2019,3661.70,0.08
2/9/2019,3661.40,0.00
2/10/2019,3679.00,0.00
2/11/2019,3631.80,-0.01
2/12/2019,3632.00,0.00
2/13/2019,3611.50,-0.01
2/14/2019,3592.60,-0.01
2/15/2019,3604.70,0.00
2/16/2019,3616.80,0.00
2/17/2019,3664.20,0.01
2/18/2019,3896.00,0.06
2/19/2019,3914.30,0.00
2/20/2019,3972.40,0.01
2/21/2019,3936.60,-0.01
2/22/2019,3965.20,0.01
2/23/2019,4120.40,0.04
2/24/2019,3755.20,-0.09
2/25/2019,3833.70,0.02
2/26/2019,3810.30,-0.01
2/27/2019,3814.60,0.00
2/28/2019,3816.60,0.00
3/1/2019,3821.90,0.00
3/2/2019,3823.10,0.00
3/3/2019,3809.50,0.00
3/4/2019,3715.90,-0.02
3/5/2019,3857.20,0.04
3/6/2019,3863.00,0.00
3/7/2019,3875.10,0.00
3/8/2019,3865.90,0.00
3/9/2019,3944.30,0.02
3/10/2019,3915.20,-0.01
3/11/2019,3870.30,-0.01
3/12/2019,3886.00,0.00
3/13/2019,3865.10,-0.01
3/14/2019,3879.00,0.00
3/15/2019,3924.30,0.01
3/16/2019,4006.40,0.02
3/17/2019,3981.50,-0.01
3/18/2019,3990.20,0.00
3/19/2019,4017.00,0.01
3/20/2019,4041.20,0.01
3/21/2019,3982.20,-0.01
3/22/2019,3990.40,0.00
3/23/2019,4002.50,0.00
3/24/2019,3994.70,0.00
3/25/2019,3937.00,-0.01
3/26/2019,3942.80,0.00
3/27/2019,4041.70,0.03
3/28/2019,4025.60,0.00
3/29/2019,4102.20,0.02
3/30/2019,4111.80,0.00
3/31/2019,4102.30,0.00
4/1/2019,4145.10,0.01
4/2/2019,4859.30,0.17
4/3/2019,4968.70,0.02
4/4/2019,4902.40,-0.01
4/5/2019,5010.20,0.02
4/6/2019,5046.20,0.01
4/7/2019,5173.60,0.03
4/8/2019,5245.20,0.01
4/9/2019,5158.40,-0.02
4/10/2019,5307.80,0.03
4/11/2019,5022.60,-0.05
4/12/2019,5054.20,0.01
4/13/2019,5051.80,0.00
4/14/2019,5134.80,0.02
4/15/2019,5032.30,-0.02
4/16/2019,5180.90,0.03
4/17/2019,5208.30,0.01
4/18/2019,5264.70,0.01
4/19/2019,5241.00,0.00
4/20/2019,5290.20,0.01
4/21/2019,5243.50,-0.01
4/22/2019,5346.70,0.02
4/23/2019,5511.60,0.03
4/24/2019,5415.60,-0.02
4/25/2019,5209.10,-0.04
4/26/2019,5298.30,0.02
4/27/2019,5265.90,-0.01
4/28/2019,5302.30,0.01
4/29/2019,5235.00,-0.01
4/30/2019,5320.80,0.02
5/1/2019,5384.20,0.01
5/2/2019,5493.80,0.02
5/3/2019,5766.80,0.05
5/4/2019,5830.90,0.01
5/5/2019,5774.90,-0.01
5/6/2019,5745.10,-0.01
5/7/2019,5849.50,0.02
5/8/2019,5990.30,0.02
5/9/2019,6191.50,0.03
5/10/2019,6386.00,0.03
5/11/2019,7190.30,0.13
5/12/2019,6984.80,-0.03
5/13/2019,7806.00,0.12
5/14/2019,7994.60,0.02
5/15/2019,8164.60,0.02
5/16/2019,7871.80,-0.04
5/17/2019,7359.50,-0.07
5/18/2019,7262.60,-0.01
5/19/2019,8157.20,0.12
5/20/2019,7965.30,-0.02
5/21/2019,7930.30,0.00
5/22/2019,7635.70,-0.04
5/23/2019,7852.10,0.03
5/24/2019,7970.10,0.02
5/25/2019,8027.40,0.01
5/26/2019,8630.20,0.08
5/27/2019,8760.10,0.02
5/28/2019,8716.30,-0.01
5/29/2019,8647.80,-0.01
5/30/2019,8271.90,-0.04
5/31/2019,8558.30,0.03
6/1/2019,8545.70,0.00
6/2/2019,8728.60,0.02
6/3/2019,8124.80,-0.07
6/4/2019,7685.50,-0.05
6/5/2019,7779.10,0.01
6/6/2019,7784.90,0.00
6/7/2019,7985.20,0.03
6/8/2019,7901.40,-0.01
6/9/2019,7635.00,-0.03
6/10/2019,7987.80,0.05
6/11/2019,7888.00,-0.01
6/12/2019,8133.10,0.03
6/13/2019,8219.00,0.01
6/14/2019,8656.10,0.05
6/15/2019,8812.50,0.02
6/16/2019,8962.50,0.02
6/17/2019,9318.80,0.04
6/18/2019,9080.60,-0.03
6/19/2019,9255.40,0.02
6/20/2019,9517.00,0.03
6/21/2019,10179.30,0.07
6/22/2019,10721.70,0.05
6/23/2019,10897.10,0.02
6/24/2019,11046.40,0.01
6/25/2019,11809.90,0.07
6/26/2019,13063.80,0.11
6/27/2019,11287.80,-0.14
6/28/2019,12409.10,0.10
6/29/2019,11906.50,-0.04
6/30/2019,10818.60,-0.09
7/1/2019,10616.60,-0.02
7/2/2019,10835.90,0.02
7/3/2019,11900.80,0.10
7/4/2019,11163.10,-0.06
7/5/2019,10970.20,-0.02
7/6/2019,11268.00,0.03
7/7/2019,11415.90,0.01
7/8/2019,12252.60,0.07
7/9/2019,12541.50,0.02
7/10/2019,12110.60,-0.03
7/11/2019,11342.30,-0.06
7/12/2019,11762.10,0.04
7/13/2019,11364.90,-0.03
7/14/2019,10200.10,-0.10
7/15/2019,10845.90,0.06
7/16/2019,9424.80,-0.13
7/17/2019,9723.20,0.03
7/18/2019,10651.40,0.10
7/19/2019,10571.50,-0.01
7/20/2019,10826.70,0.02
7/21/2019,10714.40,-0.01
7/22/2019,10412.50,-0.03
7/23/2019,9888.70,-0.05
7/24/2019,9804.30,-0.01
7/25/2019,9945.30,0.01
7/26/2019,9831.00,-0.01
7/27/2019,9492.10,-0.03
7/28/2019,9727.80,0.02
7/29/2019,9580.90,-0.02
7/30/2019,9580.70,0.00
7/31/2019,10082.00,0.05
8/1/2019,10380.00,0.03
8/2/2019,10520.10,0.01
8/3/2019,10815.70,0.03
8/4/2019,10934.60,0.01
8/5/2019,11816.80,0.08
8/6/2019,11480.90,-0.03
8/7/2019,12013.90,0.05
8/8/2019,12191.60,0.01
8/9/2019,12089.80,-0.01
8/10/2019,11314.50,-0.06
8/11/2019,11517.20,0.02
8/12/2019,11394.20,-0.01
8/13/2019,10892.90,-0.04
8/14/2019,10049.40,-0.08
8/15/2019,10303.40,0.03
8/16/2019,10335.60,0.00
8/17/2019,10218.10,-0.01
8/18/2019,10312.70,0.01
8/19/2019,10910.70,0.06
8/20/2019,10752.60,-0.01
8/21/2019,10141.50,-0.06
8/22/2019,10105.00,0.00
8/23/2019,10388.70,0.03
8/24/2019,10131.00,-0.02
8/25/2019,10136.30,0.00
8/26/2019,10371.80,0.02
8/27/2019,10184.80,-0.02
8/28/2019,9729.40,-0.04
8/29/2019,9491.00,-0.02
8/30/2019,9585.40,0.01
8/31/2019,9594.40,0.00
9/1/2019,9729.30,0.01
9/2/2019,10348.80,0.06
9/3/2019,10612.30,0.03
9/4/2019,10568.20,0.00
9/5/2019,10566.90,0.00
9/6/2019,10309.30,-0.02
9/7/2019,10461.10,0.01
9/8/2019,10402.80,-0.01
9/9/2019,10309.00,-0.01
9/10/2019,10105.40,-0.02
9/11/2019,10162.50,0.01
9/12/2019,10415.10,0.02
9/13/2019,10342.10,-0.01
9/14/2019,10337.30,0.00
9/15/2019,10311.50,0.00
9/16/2019,10255.50,-0.01
9/17/2019,10195.70,-0.01
9/18/2019,10164.70,0.00
9/19/2019,10250.50,0.01
9/20/2019,10172.70,-0.01
9/21/2019,9993.00,-0.02
9/22/2019,10031.60,0.00
9/23/2019,9702.20,-0.03
9/24/2019,8513.90,-0.12
9/25/2019,8432.40,-0.01
9/26/2019,8063.80,-0.04
9/27/2019,8184.90,0.02
9/28/2019,8208.50,0.00
9/29/2019,8049.10,-0.02
9/30/2019,8284.30,0.03
10/1/2019,8302.70,0.00
10/2/2019,8364.10,0.01
10/3/2019,8226.90,-0.02
10/4/2019,8148.10,-0.01
10/5/2019,8127.30,0.00
10/6/2019,7881.90,-0.03
10/7/2019,8198.60,0.04
10/8/2019,8182.90,0.00
10/9/2019,8566.70,0.05
10/10/2019,8562.30,0.00
10/11/2019,8267.80,-0.03
10/12/2019,8304.40,0.00
10/13/2019,8281.50,0.00
10/14/2019,8353.30,0.01
10/15/2019,8167.20,-0.02
10/16/2019,8000.40,-0.02
10/17/2019,8073.30,0.01
10/18/2019,7948.50,-0.02
10/19/2019,7957.30,0.00
10/20/2019,8223.40,0.03
10/21/2019,8208.20,0.00
10/22/2019,8031.40,-0.02
10/23/2019,7477.00,-0.07
10/24/2019,7422.70,-0.01
10/25/2019,8658.30,0.17
10/26/2019,9230.60,0.07
10/27/2019,9529.60,0.03
10/28/2019,9207.20,-0.03
10/29/2019,9411.30,0.02
10/30/2019,9157.90,-0.03
10/31/2019,9152.60,0.00
11/1/2019,9230.10,0.01
11/2/2019,9300.60,0.01
11/3/2019,9198.30,-0.01
11/4/2019,9396.40,0.02
11/5/2019,9310.80,-0.01
11/6/2019,9338.90,0.00
11/7/2019,9223.50,-0.01
11/8/2019,8778.20,-0.05
11/9/2019,8804.50,0.00
11/10/2019,9036.80,0.03
11/11/2019,8736.90,-0.03
11/12/2019,8812.60,0.01
11/13/2019,8783.10,0.00
11/14/2019,8661.20,-0.01
11/15/2019,8476.30,-0.02
11/16/2019,8497.30,0.00
11/17/2019,8509.80,0.00
11/18/2019,8208.40,-0.04
11/19/2019,8145.70,-0.01
11/20/2019,8099.30,-0.01
11/21/2019,7627.90,-0.06
11/22/2019,7272.50,-0.05
11/23/2019,7324.10,0.01
11/24/2019,6924.70,-0.05
11/25/2019,7115.60,0.03
11/26/2019,7162.80,0.01
11/27/2019,7510.60,0.05
11/28/2019,7426.70,-0.01
11/29/2019,7742.70,0.04
11/30/2019,7546.60,-0.03
12/1/2019,7396.40,-0.02
12/2/2019,7298.20,-0.01
12/3/2019,7291.80,0.00
12/4/2019,7204.40,-0.01
12/5/2019,7399.20,0.03
12/6/2019,7530.80,0.02
12/7/2019,7510.90,0.00
12/8/2019,7524.40,0.00
12/9/2019,7355.80,-0.02
12/10/2019,7235.70,-0.02
12/11/2019,7208.00,0.00
12/12/2019,7208.00,0.00
12/13/2019,7255.20,0.01
12/14/2019,7080.80,-0.02
12/15/2019,7128.50,0.01
12/16/2019,6903.50,-0.03
12/17/2019,6613.30,-0.04
12/18/2019,7276.00,0.10
12/19/2019,7165.50,-0.02
12/20/2019,7196.40,0.00
12/21/2019,7156.20,-0.01
12/22/2019,7495.80,0.05
12/23/2019,7322.80,-0.02
12/24/2019,7268.30,-0.01
12/25/2019,7224.80,-0.01
12/26/2019,7210.90,0.00
12/27/2019,7261.70,0.01
12/28/2019,7321.50,0.01
12/29/2019,7397.50,0.01
12/30/2019,7261.80,-0.02
12/31/2019,7196.40,-0.01
1/1/2020,7199.80,0.00
1/2/2020,6967.00,-0.03
1/3/2020,7343.10,0.05
1/4/2020,7376.80,0.00
1/5/2020,7372.50,0.00
1/6/2020,7759.10,0.05
1/7/2020,8155.70,0.05
1/8/2020,8059.60,-0.01
1/9/2020,7842.40,-0.03
1/10/2020,8187.10,0.04
1/11/2020,8024.10,-0.02
1/12/2020,8187.60,0.02
1/13/2020,8111.40,-0.01
1/14/2020,8829.20,0.09
1/15/2020,8818.30,0.00
1/16/2020,8726.90,-0.01
1/17/2020,8913.10,0.02
1/18/2020,8916.30,0.00
1/19/2020,8706.20,-0.02
1/20/2020,8641.90,-0.01
1/21/2020,8732.60,0.01
1/22/2020,8678.50,-0.01
1/23/2020,8405.10,-0.03
1/24/2020,8439.90,0.00
1/25/2020,8341.60,-0.01
1/26/2020,8607.80,0.03
1/27/2020,8866.60,0.03
1/28/2020,9377.30,0.06
1/29/2020,9298.90,-0.01
1/30/2020,9507.30,0.02
1/31/2020,9349.10,-0.02
2/1/2020,9381.60,0.00
2/2/2020,9334.90,-0.01
2/3/2020,9296.60,0.00
2/4/2020,9193.90,-0.01
2/5/2020,9611.80,0.05
2/6/2020,9772.00,0.02
2/7/2020,9818.60,0.00
2/8/2020,9895.50,0.01
2/9/2020,10151.50,0.03
2/10/2020,9854.10,-0.03
2/11/2020,10229.50,0.04
2/12/2020,10317.70,0.01
2/13/2020,10235.10,-0.01
2/14/2020,10333.00,0.01
2/15/2020,9907.70,-0.04
2/16/2020,9932.30,0.00
2/17/2020,9701.40,-0.02
2/18/2020,10158.40,0.05
2/19/2020,9609.40,-0.05
2/20/2020,9602.40,0.00
2/21/2020,9684.50,0.01
2/22/2020,9655.70,0.00
2/23/2020,9942.70,0.03
2/24/2020,9662.70,-0.03
2/25/2020,9317.20,-0.04
2/26/2020,8800.30,-0.06
2/27/2020,8818.60,0.00
2/28/2020,8697.50,-0.01
2/29/2020,8543.70,-0.02
3/1/2020,8540.00,0.00
3/2/2020,8904.80,0.04
3/3/2020,8761.40,-0.02
3/4/2020,8757.90,0.00
3/5/2020,9060.30,0.03
3/6/2020,9134.80,0.01
3/7/2020,8887.80,-0.03
3/8/2020,8034.10,-0.10
3/9/2020,7933.00,-0.01
3/10/2020,7891.20,-0.01
3/11/2020,7935.10,0.01
3/12/2020,4826.00,-0.39
3/13/2020,5584.30,0.16
3/14/2020,5182.70,-0.07
3/15/2020,5366.30,0.04
3/16/2020,5030.00,-0.06
3/17/2020,5261.10,0.05
3/18/2020,5361.40,0.02
3/19/2020,6172.00,0.15
3/20/2020,6205.30,0.01
3/21/2020,6186.20,0.00
3/22/2020,5822.10,-0.06
3/23/2020,6468.90,0.11
3/24/2020,6744.60,0.04
3/25/2020,6678.90,-0.01
3/26/2020,6725.10,0.01
3/27/2020,6373.40,-0.05
3/28/2020,6233.70,-0.02
3/29/2020,5890.40,-0.06
3/30/2020,6391.00,0.09
3/31/2020,6412.50,0.00
4/1/2020,6638.50,0.04
4/2/2020,6800.50,0.02
4/3/2020,6735.90,-0.01
4/4/2020,6857.40,0.02
4/5/2020,6772.70,-0.01
4/6/2020,7332.30,0.08
4/7/2020,7185.20,-0.02
4/8/2020,7361.20,0.02
4/9/2020,7289.00,-0.01
4/10/2020,6863.10,-0.06
4/11/2020,6867.80,0.00
4/12/2020,6917.60,0.01
4/13/2020,6841.30,-0.01
4/14/2020,6850.90,0.00
4/15/2020,6629.10,-0.03
4/16/2020,7085.60,0.07
4/17/2020,7035.80,-0.01
4/18/2020,7230.80,0.03
4/19/2020,7122.90,-0.01
4/20/2020,6833.50,-0.04
4/21/2020,6842.50,0.00
4/22/2020,7112.90,0.04
4/23/2020,7488.50,0.05
4/24/2020,7503.80,0.00
4/25/2020,7540.40,0.00
4/26/2020,7678.90,0.02
4/27/2020,7766.00,0.01
4/28/2020,7746.90,0.00
4/29/2020,8770.90,0.13
4/30/2020,8629.00,-0.02
5/1/2020,8821.60,0.02
5/2/2020,8966.30,0.02
5/3/2020,8885.50,-0.01
5/4/2020,8874.70,0.00
5/5/2020,9001.00,0.01
5/6/2020,9151.40,0.02
5/7/2020,9979.80,0.09
5/8/2020,9806.20,-0.02
5/9/2020,9554.60,-0.03
5/10/2020,8738.80,-0.09
5/11/2020,8579.80,-0.02
5/12/2020,8813.80,0.03
5/13/2020,9298.70,0.06
5/14/2020,9778.40,0.05
5/15/2020,9318.00,-0.05
5/16/2020,9379.50,0.01
5/17/2020,9677.70,0.03
5/18/2020,9730.70,0.01
5/19/2020,9773.30,0.00
5/20/2020,9512.30,-0.03
5/21/2020,9059.00,-0.05
5/22/2020,9169.70,0.01
5/23/2020,9177.00,0.00
5/24/2020,8728.20,-0.05
5/25/2020,8898.20,0.02
5/26/2020,8842.50,-0.01
5/27/2020,9199.10,0.04
5/28/2020,9572.20,0.04
5/29/2020,9424.80,-0.02
5/30/2020,9692.50,0.03
5/31/2020,9454.80,-0.02
6/1/2020,10189.30,0.08
6/2/2020,9527.60,-0.06
6/3/2020,9667.20,0.01
6/4/2020,9794.40,0.01
6/5/2020,9631.20,-0.02
6/6/2020,9669.60,0.00
6/7/2020,9742.60,0.01
6/8/2020,9777.90,0.00
6/9/2020,9768.80,0.00
6/10/2020,9878.80,0.01
6/11/2020,9283.20,-0.06
6/12/2020,9466.60,0.02
6/13/2020,9471.30,0.00
6/14/2020,9345.30,-0.01
6/15/2020,9425.40,0.01
6/16/2020,9523.50,0.01
6/17/2020,9464.60,-0.01
6/18/2020,9388.10,-0.01
6/19/2020,9314.00,-0.01
6/20/2020,9358.80,0.00
6/21/2020,9296.40,-0.01
6/22/2020,9683.70,0.04
6/23/2020,9624.60,-0.01
6/24/2020,9302.00,-0.03
6/25/2020,9247.50,-0.01
6/26/2020,9160.00,-0.01
6/27/2020,9008.30,-0.02
6/28/2020,9124.00,0.01
6/29/2020,9185.40,0.01
6/30/2020,9135.40,-0.01
7/1/2020,9229.90,0.01
7/2/2020,9085.10,-0.02
7/3/2020,9067.10,0.00
7/4/2020,9134.40,0.01
7/5/2020,9081.00,-0.01
7/6/2020,9339.00,0.03
7/7/2020,9256.00,-0.01
7/8/2020,9429.90,0.02
7/9/2020,9235.70,-0.02
7/10/2020,9285.10,0.01
7/11/2020,9233.30,-0.01
7/12/2020,9300.80,0.01
7/13/2020,9243.60,-0.01
7/14/2020,9253.40,0.00
7/15/2020,9198.70,-0.01
7/16/2020,9135.30,-0.01
7/17/2020,9155.80,0.00
7/18/2020,9170.20,0.00
7/19/2020,9208.00,0.00
7/20/2020,9162.40,-0.01
7/21/2020,9387.30,0.02
7/22/2020,9513.70,0.01
7/23/2020,9599.60,0.01
7/24/2020,9546.40,-0.01
7/25/2020,9704.10,0.02
7/26/2020,9932.50,0.02
7/27/2020,11022.80,0.11
7/28/2020,10908.50,-0.01
7/29/2020,11105.90,0.02
7/30/2020,11096.20,0.00
7/31/2020,11333.40,0.02
8/1/2020,11803.10,0.04
8/2/2020,11066.80,-0.06
8/3/2020,11224.40,0.01
8/4/2020,11184.70,0.00
8/5/2020,11735.10,0.05
8/6/2020,11757.10,0.00
8/7/2020,11592.00,-0.01
8/8/2020,11764.30,0.01
8/9/2020,11681.20,-0.01
8/10/2020,11889.20,0.02
8/11/2020,11390.40,-0.04
8/12/2020,11557.20,0.01
8/13/2020,11770.90,0.02
8/14/2020,11750.80,0.00
8/15/2020,11845.30,0.01
8/16/2020,11899.00,0.00
8/17/2020,12282.60,0.03
8/18/2020,11947.60,-0.03
8/19/2020,11750.20,-0.02
8/20/2020,11856.90,0.01
8/21/2020,11529.20,-0.03
8/22/2020,11661.30,0.01
8/23/2020,11641.60,0.00
8/24/2020,11753.50,0.01
8/25/2020,11324.80,-0.04
8/26/2020,11462.30,0.01
8/27/2020,11327.40,-0.01
8/28/2020,11527.40,0.02
8/29/2020,11468.10,-0.01
8/30/2020,11702.00,0.02
8/31/2020,11644.20,0.00
9/1/2020,11914.90,0.02
9/2/2020,11413.30,-0.04
9/3/2020,10168.80,-0.11
9/4/2020,10472.50,0.03
9/5/2020,10092.20,-0.04
9/6/2020,10296.40,0.02
9/7/2020,10376.90,0.01
9/8/2020,10126.60,-0.02
9/9/2020,10224.60,0.01
9/10/2020,10339.70,0.01
9/11/2020,10390.20,0.00
9/12/2020,10441.90,0.01
9/13/2020,10326.00,-0.01
9/14/2020,10675.30,0.03
9/15/2020,10785.30,0.01
9/16/2020,10949.50,0.02
9/17/2020,10941.30,0.00
9/18/2020,10933.00,0.00
9/19/2020,11081.80,0.01
9/20/2020,10921.50,-0.01
9/21/2020,10416.80,-0.05
9/22/2020,10531.50,0.01
9/23/2020,10237.30,-0.03
9/24/2020,10739.40,0.05
9/25/2020,10688.80,0.00
9/26/2020,10727.90,0.00
9/27/2020,10776.20,0.00
9/28/2020,10693.20,-0.01
9/29/2020,10840.90,0.01
9/30/2020,10776.10,-0.01
10/1/2020,10620.50,-0.01
10/2/2020,10572.30,0.00
10/3/2020,10544.20,0.00
10/4/2020,10672.90,0.01
10/5/2020,10789.50,0.01
10/6/2020,10602.60,-0.02
10/7/2020,10670.90,0.01
10/8/2020,10924.10,0.02
10/9/2020,11054.20,0.01
10/10/2020,11298.40,0.02
10/11/2020,11371.00,0.01
10/12/2020,11533.90,0.01
10/13/2020,11423.80,-0.01
10/14/2020,11420.40,0.00
10/15/2020,11503.00,0.01
10/16/2020,11322.00,-0.02
10/17/2020,11362.10,0.00
10/18/2020,11506.90,0.01
10/19/2020,11753.40,0.02
10/20/2020,11913.50,0.01
10/21/2020,12808.70,0.08
10/22/2020,12974.60,0.01
10/23/2020,12934.10,0.00
10/24/2020,13117.20,0.01
10/25/2020,13032.20,-0.01
10/26/2020,13061.60,0.00
10/27/2020,13657.80,0.05
10/28/2020,13278.90,-0.03
10/29/2020,13457.20,0.01
10/30/2020,13559.90,0.01
10/31/2020,13797.30,0.02
11/1/2020,13759.40,0.00
11/2/2020,13561.40,-0.01
11/3/2020,14019.90,0.03
11/4/2020,14145.60,0.01
11/5/2020,15587.10,0.10
11/6/2020,15577.90,0.00
11/7/2020,14828.40,-0.05
11/8/2020,15483.70,0.04
11/9/2020,15327.20,-0.01
11/10/2020,15303.60,0.00
11/11/2020,15695.80,0.03
11/12/2020,16294.70,0.04
11/13/2020,16324.20,0.00
11/14/2020,16071.00,-0.02
11/15/2020,15953.00,-0.01
11/16/2020,16715.80,0.05
11/17/2020,17662.30,0.06
11/18/2020,17774.60,0.01
11/19/2020,17803.50,0.00
11/20/2020,18675.20,0.05
11/21/2020,18687.20,0.00
11/22/2020,18412.90,-0.01
11/23/2020,18379.60,0.00
11/24/2020,19152.60,0.04
11/25/2020,18723.00,-0.02
11/26/2020,17162.00,-0.08
11/27/2020,17127.10,0.00
11/28/2020,17730.70,0.04
11/29/2020,18185.50,0.03
11/30/2020,19698.10,0.08
12/1/2020,18770.70,-0.05
12/2/2020,19218.80,0.02
12/3/2020,19433.30,0.01
12/4/2020,18658.10,-0.04
12/5/2020,19146.50,0.03
12/6/2020,19379.90,0.01
12/7/2020,19170.70,-0.01
12/8/2020,18326.60,-0.04
12/9/2020,18546.00,0.01
12/10/2020,18247.20,-0.02
12/11/2020,18023.60,-0.01
12/12/2020,18808.90,0.04
12/13/2020,19176.80,0.02
12/14/2020,19273.80,0.01
12/15/2020,19434.90,0.01
12/16/2020,21352.20,0.10
12/17/2020,22825.40,0.07
12/18/2020,23127.90,0.01
12/19/2020,23844.00,0.03
12/20/2020,23474.90,-0.02
12/21/2020,22728.50,-0.03
12/22/2020,23823.20,0.05
12/23/2020,23257.90,-0.02
12/24/2020,23736.50,0.02
12/25/2020,24689.60,0.04
12/26/2020,26454.40,0.07
12/27/2020,26261.30,-0.01
12/28/2020,27057.80,0.03
12/29/2020,27376.00,0.01
12/30/2020,28868.70,0.05
12/31/2020,28949.40,0.00
1/1/2021,29359.90,0.01
1/2/2021,32193.30,0.10
1/3/2021,32958.90,0.02
1/4/2021,32022.60,-0.03
1/5/2021,33991.50,0.06
1/6/2021,36793.20,0.08
1/7/2021,39460.20,0.07
1/8/2021,40599.30,0.03
1/9/2021,40151.90,-0.01
1/10/2021,38192.20,-0.05
1/11/2021,35544.30,-0.07
1/12/2021,34076.10,-0.04
1/13/2021,37382.20,0.10
1/14/2021,39175.70,0.05
1/15/2021,36845.80,-0.06
1/16/2021,36019.50,-0.02
1/17/2021,35839.60,-0.01
1/18/2021,36613.20,0.02
1/19/2021,36002.90,-0.02
1/20/2021,35476.30,-0.01
1/21/2021,30842.10,-0.13
1/22/2021,33000.50,0.07
1/23/2021,32088.90,-0.03
1/24/2021,32241.30,0.00
1/25/2021,32252.30,0.00
1/26/2021,32502.10,0.01
1/27/2021,30404.00,-0.06
1/28/2021,33374.80,0.10
1/29/2021,34301.80,0.03
1/30/2021,34283.10,0.00
1/31/2021,33108.10,-0.03
2/1/2021,33515.70,0.01
2/2/2021,35485.20,0.06
2/3/2021,37646.80,0.06
2/4/2021,36982.10,-0.02
2/5/2021,38297.60,0.04
2/6/2021,39256.60,0.03
2/7/2021,38852.90,-0.01
2/8/2021,46395.70,0.19
2/9/2021,46508.60,0.00
2/10/2021,44836.00,-0.04
2/11/2021,47990.70,0.07
2/12/2021,47371.70,-0.01
2/13/2021,47168.70,0.00
2/14/2021,48643.40,0.03
2/15/2021,47936.30,-0.01
2/16/2021,49169.70,0.03
2/17/2021,52079.20,0.06
2/18/2021,51582.20,-0.01
2/19/2021,55906.60,0.08
2/20/2021,55923.70,0.00
2/21/2021,57433.80,0.03
2/22/2021,54111.80,-0.06
2/23/2021,48911.20,-0.10
2/24/2021,49697.50,0.02
2/25/2021,46928.50,-0.06
2/26/2021,46345.60,-0.01
2/27/2021,46136.70,0.00
2/28/2021,45164.00,-0.02
3/1/2021,49595.50,0.10
3/2/2021,48424.20,-0.02
3/3/2021,50395.10,0.04
3/4/2021,48428.00,-0.04
3/5/2021,48792.50,0.01
3/6/2021,48855.60,0.00
3/7/2021,50982.30,0.04
3/8/2021,52311.00,0.03
3/9/2021,54879.00,0.05
3/10/2021,55851.90,0.02
3/11/2021,57799.50,0.03
3/12/2021,57265.10,-0.01
3/13/2021,61195.30,0.07
3/14/2021,59113.70,-0.03
3/15/2021,55791.30,-0.06
3/16/2021,56889.70,0.02
3/17/2021,58913.50,0.04
3/18/2021,57656.00,-0.02
3/19/2021,58088.00,0.01
3/20/2021,58093.40,0.00
3/21/2021,57383.80,-0.01
3/22/2021,54158.30,-0.06
3/23/2021,54452.50,0.01
3/24/2021,52325.40,-0.04
3/25/2021,51322.30,-0.02
3/26/2021,55036.10,0.07
3/27/2021,55862.90,0.02
3/28/2021,55765.20,0.00
3/29/2021,57616.20,0.03
3/30/2021,58771.30,0.02
3/31/2021,58763.70,0.00
4/1/2021,58718.30,0.00
4/2/2021,58977.30,0.00
4/3/2021,57059.90,-0.03
4/4/2021,58199.90,0.02
4/5/2021,58993.40,0.01
4/6/2021,57996.30,-0.02
4/7/2021,55948.70,-0.04
4/8/2021,58077.40,0.04
4/9/2021,58118.70,0.00
4/10/2021,59748.40,0.03
4/11/2021,59978.70,0.00
4/12/2021,59863.80,0.00
4/13/2021,63540.90,0.06
4/14/2021,62980.40,-0.01
4/15/2021,63216.00,0.00
4/16/2021,61379.70,-0.03
4/17/2021,60041.90,-0.02
4/18/2021,56207.10,-0.06
4/19/2021,55646.10,-0.01
4/20/2021,56483.20,0.02
4/21/2021,53820.20,-0.05
4/22/2021,51729.50,-0.04
4/23/2021,51143.60,-0.01
4/24/2021,50088.90,-0.02
4/25/2021,48963.60,-0.02
4/26/2021,54020.50,0.10
4/27/2021,55036.50,0.02
4/28/2021,54841.40,0.00
4/29/2021,53560.80,-0.02
4/30/2021,57720.30,0.08
5/1/2021,57807.10,0.00
5/2/2021,56603.80,-0.02
5/3/2021,57169.80,0.01
5/4/2021,53741.50,-0.06
5/5/2021,57441.30,0.07
5/6/2021,56405.40,-0.02
5/7/2021,57337.20,0.02
5/8/2021,58840.10,0.03
5/9/2021,58238.30,-0.01
5/10/2021,55848.90,-0.04
5/11/2021,56695.70,0.02
5/12/2021,49384.20,-0.13
5/13/2021,49704.60,0.01
5/14/2021,49839.80,0.00
5/15/2021,46708.80,-0.06
5/16/2021,46426.40,-0.01
5/17/2021,43541.30,-0.06
5/18/2021,42897.30,-0.01
5/19/2021,36720.50,-0.14
5/20/2021,40717.20,0.11
5/21/2021,37297.40,-0.08
5/22/2021,37448.30,0.00
5/23/2021,34679.70,-0.07
5/24/2021,38750.60,0.12
5/25/2021,38378.30,-0.01
5/26/2021,39249.20,0.02
5/27/2021,38417.30,-0.02
5/28/2021,35662.50,-0.07
5/29/2021,34584.60,-0.03
5/30/2021,35652.80,0.03
5/31/2021,37298.60,0.05
6/1/2021,36687.60,-0.02
6/2/2021,37555.80,0.02
6/3/2021,39187.30,0.04
6/4/2021,36851.30,-0.06
6/5/2021,35520.00,-0.04
6/6/2021,35815.40,0.01
6/7/2021,33578.00,-0.06
6/8/2021,33382.90,-0.01
6/9/2021,37332.20,0.12
6/10/2021,36649.40,-0.02
6/11/2021,37314.60,0.02
6/12/2021,35467.50,-0.05
6/13/2021,39022.90,0.10
6/14/2021,40529.40,0.04
6/15/2021,40156.10,-0.01
6/16/2021,38336.00,-0.05
6/17/2021,38052.00,-0.01
6/18/2021,35749.40,-0.06
6/19/2021,35513.40,-0.01
6/20/2021,35595.80,0.00
6/21/2021,31692.00,-0.11
6/22/2021,32496.40,0.03
6/23/2021,33674.30,0.04
6/24/2021,34665.80,0.03
6/25/2021,31594.00,-0.09
6/26/2021,32243.40,0.02
6/27/2021,34678.50,0.08
6/28/2021,34475.90,-0.01
6/29/2021,35834.70,0.04
6/30/2021,35026.90,-0.02
7/1/2021,33543.60,-0.04
7/2/2021,33813.40,0.01
7/3/2021,34742.80,0.03
7/4/2021,35298.20,0.02
7/5/2021,33687.80,-0.05
7/6/2021,34225.60,0.02
7/7/2021,33867.80,-0.01
7/8/2021,32866.30,-0.03
7/9/2021,33797.40,0.03
7/10/2021,33510.60,-0.01
7/11/2021,34227.70,0.02
7/12/2021,33113.00,-0.03
7/13/2021,32728.10,-0.01
7/14/2021,32820.70,0.00
7/15/2021,31840.50,-0.03
7/16/2021,31394.00,-0.01
7/17/2021,31518.60,0.00
7/18/2021,31785.40,0.01
7/19/2021,30837.20,-0.03
7/20/2021,29793.80,-0.03
7/21/2021,32131.40,0.08
7/22/2021,32298.90,0.01
7/23/2021,33603.30,0.04
7/24/2021,33824.80,0.01
7/25/2021,35391.10,0.05
7/26/2021,37276.60,0.05
7/27/2021,39452.00,0.06
7/28/2021,40003.20,0.01
7/29/2021,40001.40,0.00
7/30/2021,42203.40,0.06
7/31/2021,41553.70,-0.02
8/1/2021,39878.30,-0.04
8/2/2021,39168.40,-0.02
8/3/2021,38130.30,-0.03
8/4/2021,39736.90,0.04
8/5/2021,40867.20,0.03
8/6/2021,42795.40,0.05
8/7/2021,44614.20,0.04
8/8/2021,43792.80,-0.02
8/9/2021,46284.30,0.06
8/10/2021,45593.80,-0.01
8/11/2021,45564.30,0.00
8/12/2021,44403.40,-0.03
8/13/2021,47809.10,0.08
8/14/2021,47081.50,-0.02
8/15/2021,46991.30,0.00
8/16/2021,45996.30,-0.02
8/17/2021,44691.60,-0.03
8/18/2021,44723.80,0.00
8/19/2021,46755.90,0.05
8/20/2021,49324.00,0.05
8/21/2021,48875.80,-0.01
8/22/2021,49254.50,0.01
8/23/2021,49539.70,0.01
8/24/2021,47714.70,-0.04
8/25/2021,48994.50,0.03
8/26/2021,46831.60,-0.04
8/27/2021,49064.30,0.05
8/28/2021,48897.10,0.00
8/29/2021,48777.40,0.00
8/30/2021,46992.70,-0.04
8/31/2021,47130.40,0.00
9/1/2021,48819.40,0.04
9/2/2021,49274.30,0.01
9/3/2021,49999.00,0.01
9/4/2021,49918.40,0.00
9/5/2021,51768.60,0.04
9/6/2021,52672.10,0.02
9/7/2021,46779.60,-0.11
9/8/2021,46061.40,-0.02
9/9/2021,46385.60,0.01
9/10/2021,44842.80,-0.03
9/11/2021,45161.90,0.01
9/12/2021,46062.30,0.02
9/13/2021,44949.50,-0.02
9/14/2021,47077.50,0.05
9/15/2021,48130.60,0.02
9/16/2021,47748.00,-0.01
9/17/2021,47282.80,-0.01
9/18/2021,48306.70,0.02
9/19/2021,47238.70,-0.02
9/20/2021,42870.60,-0.09
9/21/2021,40651.30,-0.05
9/22/2021,43551.60,0.07
9/23/2021,44869.20,0.03
9/24/2021,42819.90,-0.05
9/25/2021,42686.80,0.00
9/26/2021,43203.40,0.01
9/27/2021,42172.60,-0.02
9/28/2021,41022.30,-0.03
9/29/2021,41536.80,0.01
9/30/2021,43823.30,0.06
10/1/2021,48146.00,0.10
10/2/2021,47666.90,-0.01
10/3/2021,48200.10,0.01
10/4/2021,49227.30,0.02
10/5/2021,51469.30,0.05
10/6/2021,55323.20,0.07
10/7/2021,53783.90,-0.03
10/8/2021,53914.70,0.00
10/9/2021,54942.50,0.02
10/10/2021,54687.70,0.00
10/11/2021,57477.30,0.05
10/12/2021,56015.90,-0.03
10/13/2021,57380.10,0.02
10/14/2021,57345.80,0.00
10/15/2021,61672.50,0.08
10/16/2021,60861.10,-0.01
10/17/2021,61527.50,0.01
10/18/2021,62056.30,0.01
10/19/2021,64278.50,0.04
10/20/2021,65979.10,0.03
10/21/2021,62210.20,-0.06
10/22/2021,60690.30,-0.02
10/23/2021,61312.50,0.01
10/24/2021,60866.50,-0.01
10/25/2021,63067.00,0.04
10/26/2021,60310.80,-0.04
10/27/2021,58438.10,-0.03
10/28/2021,60582.50,0.04
10/29/2021,62242.80,0.03
10/30/2021,61840.10,-0.01
10/31/2021,61309.60,-0.01
11/1/2021,60915.30,-0.01
11/2/2021,63221.70,0.04
11/3/2021,62918.50,0.00
11/4/2021,61412.60,-0.02
11/5/2021,60974.30,-0.01
11/6/2021,61483.90,0.01
11/7/2021,63273.20,0.03
11/8/2021,67527.90,0.07
11/9/2021,66904.40,-0.01
11/10/2021,64932.60,-0.03
11/11/2021,64806.70,0.00
11/12/2021,64134.50,-0.01
11/13/2021,64398.60,0.00
11/14/2021,65508.20,0.02
11/15/2021,63597.90,-0.03
11/16/2021,60089.10,-0.06
11/17/2021,60367.80,0.00
11/18/2021,56955.30,-0.06
11/19/2021,58083.40,0.02
11/20/2021,59717.60,0.03
11/21/2021,58714.30,-0.02
11/22/2021,56308.80,-0.04
11/23/2021,57573.20,0.02
11/24/2021,57171.70,-0.01
11/25/2021,58935.10,0.03
11/26/2021,53730.90,-0.09
11/27/2021,54765.90,0.02
11/28/2021,57291.50,0.05
11/29/2021,57794.80,0.01
11/30/2021,56882.90,-0.02
12/1/2021,57210.30,0.01
12/2/2021,56496.00,-0.01
12/3/2021,53631.50,-0.05
12/4/2021,49195.20,-0.08
12/5/2021,49405.50,0.00
12/6/2021,50562.10,0.02
12/7/2021,50595.20,0.00
12/8/2021,50473.90,0.00
12/9/2021,47596.60,-0.06
12/10/2021,47137.20,-0.01
12/11/2021,49314.50,0.05
12/12/2021,50081.00,0.02
12/13/2021,46703.60,-0.07
12/14/2021,48366.50,0.04
12/15/2021,48871.50,0.01
12/16/2021,47628.20,-0.03
12/17/2021,46172.20,-0.03
12/18/2021,46856.20,0.01
12/19/2021,46704.50,0.00
12/20/2021,46895.20,0.00
12/21/2021,48902.00,0.04
12/22/2021,48599.70,-0.01
12/23/2021,50801.00,0.05
12/24/2021,50786.10,0.00
12/25/2021,50406.40,-0.01
12/26/2021,50779.90,0.01
12/27/2021,50678.20,0.00
12/28/2021,47545.20,-0.06
12/29/2021,46461.70,-0.02
12/30/2021,47123.30,0.01
12/31/2021,46219.50,-0.02
1/1/2022,47738.00,0.03
1/2/2022,47311.80,-0.01
1/3/2022,46430.20,-0.02
1/4/2022,45837.30,-0.01
1/5/2022,43425.90,-0.05
1/6/2022,43097.50,-0.01
1/7/2022,41546.70,-0.04
1/8/2022,41672.00,0.00
1/9/2022,41848.30,0.00
1/10/2022,41832.20,0.00
1/11/2022,42733.20,0.02
1/12/2022,43901.00,0.03
1/13/2022,42560.00,-0.03
1/14/2022,43073.30,0.01
1/15/2022,43097.00,0.00
1/16/2022,43079.10,0.00
1/17/2022,42209.30,-0.02
1/18/2022,42364.60,0.00
1/19/2022,41677.80,-0.02
1/20/2022,40715.90,-0.02
1/21/2022,36475.50,-0.10
1/22/2022,35075.20,-0.04
1/23/2022,36269.50,0.03
1/24/2022,36686.30,0.01
1/25/2022,36950.60,0.01
1/26/2022,36800.40,0.00
1/27/2022,37164.30,0.01
1/28/2022,37745.10,0.02
1/29/2022,38170.80,0.01
1/30/2022,37917.70,-0.01
1/31/2022,38498.60,0.02
2/1/2022,38709.70,0.01
2/2/2022,36890.20,-0.05
2/3/2022,37287.80,0.01
2/4/2022,41567.60,0.11
2/5/2022,41400.90,0.00
