Date,Bitcoin Price,S&P500 Price
11/28/2011,2.50,1192.55
11/29/2011,2.80,1195.19
11/30/2011,3.00,1246.96
12/1/2011,3.10,1244.58
12/2/2011,3.10,1244.28
12/5/2011,2.90,1257.08
12/6/2011,3.00,1258.47
12/7/2011,3.00,1261.01
12/8/2011,3.00,1234.35
12/9/2011,3.00,1255.19
12/12/2011,3.10,1236.47
12/13/2011,3.30,1225.73
12/14/2011,3.20,1211.82
12/15/2011,3.20,1215.75
12/16/2011,3.20,1219.66
12/19/2011,3.50,1205.35
12/20/2011,4.00,1241.30
12/21/2011,3.90,1243.72
12/22/2011,3.90,1254.00
12/23/2011,4.00,1265.33
12/27/2011,4.10,1265.43
12/28/2011,4.20,1249.64
12/29/2011,4.20,1263.02
12/30/2011,4.30,1257.60
1/3/2012,4.90,1277.06
1/4/2012,5.60,1277.30
1/5/2012,6.90,1281.06
1/6/2012,6.70,1277.81
1/9/2012,6.30,1280.70
1/10/2012,6.40,1292.08
1/11/2012,6.90,1292.48
1/12/2012,6.80,1295.50
1/13/2012,6.40,1289.09
1/17/2012,5.60,1293.67
1/18/2012,5.90,1308.04
1/19/2012,6.40,1314.50
1/20/2012,6.50,1315.38
1/23/2012,6.40,1316.00
1/24/2012,6.30,1314.65
1/25/2012,5.80,1326.05
1/26/2012,5.30,1318.43
1/27/2012,5.30,1316.33
1/30/2012,5.50,1313.01
1/31/2012,5.50,1312.41
2/1/2012,6.10,1324.09
2/2/2012,6.10,1325.54
2/3/2012,6.00,1344.90
2/6/2012,5.40,1344.33
2/7/2012,5.70,1347.05
2/8/2012,5.60,1349.96
2/9/2012,5.80,1351.95
2/10/2012,5.90,1342.64
2/13/2012,5.30,1351.77
2/14/2012,4.50,1350.50
2/15/2012,4.30,1343.23
2/16/2012,4.30,1358.04
2/17/2012,4.40,1361.23
2/21/2012,4.30,1362.21
2/22/2012,4.40,1357.66
2/23/2012,5.00,1363.46
2/24/2012,5.00,1365.74
2/27/2012,5.00,1367.59
2/28/2012,4.90,1372.18
2/29/2012,4.90,1365.68
3/1/2012,4.90,1374.09
3/2/2012,4.70,1369.63
3/5/2012,5.00,1364.33
3/6/2012,5.00,1343.36
3/7/2012,4.90,1352.63
3/8/2012,4.90,1365.91
3/9/2012,4.90,1370.87
3/12/2012,4.90,1371.09
3/13/2012,5.30,1395.95
3/14/2012,5.40,1394.28
3/15/2012,5.30,1402.60
3/16/2012,5.30,1404.17
3/19/2012,4.70,1409.75
3/20/2012,4.80,1405.52
3/21/2012,4.80,1402.89
3/22/2012,4.70,1392.78
3/23/2012,4.70,1397.11
3/26/2012,4.60,1416.51
3/27/2012,4.80,1412.52
3/28/2012,4.80,1405.54
3/29/2012,4.80,1403.28
3/30/2012,4.90,1408.47
4/2/2012,5.00,1419.04
4/3/2012,4.90,1413.38
4/4/2012,4.90,1398.96
4/5/2012,4.90,1398.08
4/9/2012,4.90,1382.20
4/10/2012,4.80,1358.59
4/11/2012,4.90,1368.71
4/12/2012,4.90,1387.57
4/13/2012,4.90,1370.26
4/16/2012,4.90,1369.57
4/17/2012,5.00,1390.78
4/18/2012,5.10,1385.14
4/19/2012,5.10,1376.92
4/20/2012,5.30,1378.53
4/23/2012,5.00,1366.94
4/24/2012,5.10,1371.97
4/25/2012,5.10,1390.69
4/26/2012,5.10,1399.98
4/27/2012,5.10,1403.36
4/30/2012,4.90,1397.91
5/1/2012,5.00,1405.82
5/2/2012,5.10,1402.31
5/3/2012,5.10,1391.57
5/4/2012,5.10,1369.10
5/7/2012,5.10,1369.58
5/8/2012,5.10,1363.72
5/9/2012,5.00,1354.58
5/10/2012,4.80,1357.99
5/11/2012,5.00,1353.39
5/14/2012,5.00,1338.35
5/15/2012,5.00,1330.66
5/16/2012,5.10,1324.80
5/17/2012,5.10,1304.86
5/18/2012,5.10,1295.22
5/21/2012,5.10,1315.99
5/22/2012,5.10,1316.63
5/23/2012,5.10,1318.86
5/24/2012,5.10,1320.68
5/25/2012,5.20,1317.82
5/29/2012,5.20,1332.42
5/30/2012,5.10,1313.32
5/31/2012,5.20,1310.33
6/1/2012,5.30,1278.04
6/4/2012,5.30,1278.18
6/5/2012,5.40,1285.50
6/6/2012,5.50,1315.13
6/7/2012,5.60,1314.99
6/8/2012,5.60,1325.66
6/11/2012,5.60,1308.93
6/12/2012,5.70,1324.18
6/13/2012,5.90,1314.88
6/14/2012,5.90,1329.10
6/15/2012,6.50,1342.84
6/18/2012,6.30,1344.78
6/19/2012,6.50,1357.98
6/20/2012,6.70,1355.69
6/21/2012,6.70,1325.51
6/22/2012,6.60,1335.02
6/25/2012,6.30,1313.72
6/26/2012,6.40,1319.99
6/27/2012,6.70,1331.85
6/28/2012,6.60,1329.04
6/29/2012,6.70,1362.16
7/2/2012,6.80,1365.51
7/3/2012,6.40,1374.02
7/5/2012,6.70,1367.58
7/6/2012,6.70,1354.68
7/9/2012,7.00,1352.46
7/10/2012,7.20,1341.47
7/11/2012,7.20,1341.45
7/12/2012,7.80,1334.76
7/13/2012,7.70,1356.78
7/16/2012,8.50,1353.64
7/17/2012,8.80,1363.67
7/18/2012,9.10,1372.78
7/19/2012,8.90,1376.51
7/20/2012,8.50,1362.66
7/23/2012,8.40,1350.52
7/24/2012,8.60,1338.31
7/25/2012,8.80,1337.89
7/26/2012,8.90,1360.02
7/27/2012,8.90,1385.97
7/30/2012,9.10,1385.30
7/31/2012,9.40,1379.32
8/1/2012,9.60,1375.14
8/2/2012,10.50,1365.00
8/3/2012,11.00,1390.99
8/6/2012,10.90,1394.23
8/7/2012,11.10,1401.35
8/8/2012,11.10,1402.22
8/9/2012,11.10,1402.80
8/10/2012,11.40,1405.87
8/13/2012,12.00,1404.11
8/14/2012,12.20,1403.93
8/15/2012,13.30,1405.53
8/16/2012,13.50,1415.51
8/17/2012,11.60,1418.16
8/20/2012,10.10,1418.13
8/21/2012,9.90,1413.17
8/22/2012,9.80,1413.49
8/23/2012,10.10,1402.08
8/24/2012,10.60,1411.13
8/27/2012,10.90,1410.44
8/28/2012,10.90,1409.30
8/29/2012,10.90,1410.49
8/30/2012,10.80,1399.48
8/31/2012,10.20,1406.58
9/4/2012,10.40,1404.94
9/5/2012,11.00,1403.44
9/6/2012,11.20,1432.12
9/7/2012,11.00,1437.92
9/10/2012,11.20,1429.08
9/11/2012,11.30,1433.56
9/12/2012,11.40,1436.56
9/13/2012,11.40,1459.99
9/14/2012,11.70,1465.77
9/17/2012,11.90,1461.19
9/18/2012,12.30,1459.32
9/19/2012,12.60,1461.05
9/20/2012,12.30,1460.26
9/21/2012,12.40,1460.15
9/24/2012,12.10,1456.89
9/25/2012,12.20,1441.59
9/26/2012,12.30,1433.32
9/27/2012,12.30,1447.15
9/28/2012,12.40,1440.67
10/1/2012,12.40,1444.49
10/2/2012,12.80,1445.75
10/3/2012,12.90,1450.99
10/4/2012,12.90,1461.40
10/5/2012,12.70,1460.93
10/8/2012,11.80,1455.88
10/9/2012,11.90,1441.48
10/10/2012,12.10,1432.56
10/11/2012,12.00,1432.84
10/12/2012,12.00,1428.59
10/15/2012,11.80,1440.13
10/16/2012,11.90,1454.92
10/17/2012,11.80,1460.91
10/18/2012,11.90,1457.34
10/19/2012,11.70,1433.19
10/22/2012,11.70,1433.82
10/23/2012,11.60,1413.11
10/24/2012,11.60,1408.75
10/25/2012,10.90,1412.97
10/26/2012,10.20,1411.94
10/31/2012,11.20,1412.16
11/1/2012,10.60,1427.59
11/2/2012,10.50,1414.20
11/5/2012,10.80,1417.26
11/6/2012,10.90,1428.39
11/7/2012,10.90,1394.53
11/8/2012,10.90,1377.51
11/9/2012,10.80,1379.85
11/12/2012,11.00,1380.03
11/13/2012,10.90,1374.53
11/14/2012,10.90,1355.49
11/15/2012,11.20,1353.33
11/16/2012,11.80,1359.88
11/19/2012,11.80,1386.89
11/20/2012,11.70,1387.81
11/21/2012,11.80,1391.03
11/23/2012,12.40,1409.15
11/26/2012,12.30,1406.29
11/27/2012,12.20,1398.94
11/28/2012,12.40,1409.93
11/29/2012,12.40,1415.95
11/30/2012,12.60,1416.18
12/3/2012,12.70,1409.46
12/4/2012,13.40,1407.05
12/5/2012,13.40,1409.28
12/6/2012,13.30,1413.94
12/7/2012,13.50,1418.07
12/10/2012,13.40,1418.55
12/11/2012,13.60,1427.84
12/12/2012,13.70,1428.48
12/13/2012,13.70,1419.45
12/14/2012,13.60,1413.58
12/17/2012,13.30,1430.36
12/18/2012,13.30,1446.79
12/19/2012,13.60,1435.81
12/20/2012,13.50,1443.69
12/21/2012,13.50,1430.15
12/24/2012,13.40,1426.66
12/26/2012,13.50,1419.83
12/27/2012,13.40,1418.10
12/28/2012,13.40,1402.43
12/31/2012,13.50,1426.19
1/2/2013,13.30,1462.42
1/3/2013,13.40,1459.37
1/4/2013,13.50,1466.47
1/7/2013,13.60,1461.89
1/8/2013,13.70,1457.15
1/9/2013,13.80,1461.02
1/10/2013,14.10,1472.12
1/11/2013,14.10,1472.05
1/14/2013,14.30,1470.68
1/15/2013,14.30,1472.34
1/16/2013,14.70,1472.63
1/17/2013,15.50,1480.94
1/18/2013,15.70,1485.98
1/22/2013,17.30,1492.56
1/23/2013,17.50,1494.81
1/24/2013,16.90,1494.82
1/25/2013,17.40,1502.96
1/28/2013,18.70,1500.18
1/29/2013,19.50,1507.84
1/30/2013,19.70,1501.96
1/31/2013,20.40,1498.11
2/1/2013,20.50,1513.17
2/4/2013,20.40,1495.71
2/5/2013,20.60,1511.29
2/6/2013,21.20,1512.12
2/7/2013,22.10,1509.39
2/8/2013,22.70,1517.93
2/11/2013,24.60,1517.01
2/12/2013,25.20,1519.43
2/13/2013,24.20,1520.33
2/14/2013,27.20,1521.38
2/15/2013,27.10,1519.79
2/19/2013,29.40,1530.94
2/20/2013,29.60,1511.95
2/21/2013,29.80,1502.42
2/22/2013,30.30,1515.60
2/25/2013,30.40,1487.85
2/26/2013,31.10,1496.94
2/27/2013,30.90,1515.99
2/28/2013,33.40,1514.68
3/1/2013,34.50,1518.20
3/4/2013,36.20,1525.20
3/5/2013,40.30,1539.79
3/6/2013,41.00,1541.46
3/7/2013,42.00,1544.26
3/8/2013,44.20,1551.18
3/11/2013,48.40,1556.22
3/12/2013,44.30,1552.48
3/13/2013,46.90,1554.52
3/14/2013,47.20,1563.23
3/15/2013,47.00,1560.70
3/18/2013,51.60,1552.10
3/19/2013,59.10,1548.34
3/20/2013,64.50,1558.71
3/21/2013,70.80,1545.80
3/22/2013,69.90,1556.89
3/25/2013,73.60,1551.69
3/26/2013,78.50,1563.77
3/27/2013,88.90,1562.85
3/28/2013,86.20,1569.19
4/1/2013,104.00,1562.17
4/2/2013,118.00,1570.25
4/3/2013,135.00,1553.69
4/4/2013,132.10,1559.98
4/5/2013,142.30,1553.28
4/8/2013,187.50,1563.07
4/9/2013,230.00,1568.61
4/10/2013,165.00,1587.73
4/11/2013,124.90,1593.37
4/12/2013,117.00,1588.85
4/15/2013,82.40,1552.36
4/16/2013,68.40,1574.57
4/17/2013,93.10,1552.01
4/18/2013,109.00,1541.61
4/19/2013,118.50,1555.25
4/22/2013,127.40,1562.50
4/23/2013,143.50,1578.78
4/24/2013,154.20,1578.79
4/25/2013,141.70,1585.16
4/26/2013,136.90,1582.24
4/29/2013,144.00,1593.61
4/30/2013,139.20,1597.57
5/1/2013,116.40,1582.70
5/2/2013,106.30,1597.59
5/3/2013,98.10,1614.42
5/6/2013,112.30,1617.50
5/7/2013,109.60,1625.96
5/8/2013,113.20,1632.69
5/9/2013,112.80,1626.67
5/10/2013,117.70,1633.70
5/13/2013,118.00,1633.77
5/14/2013,111.40,1650.34
5/15/2013,114.20,1658.78
5/16/2013,118.20,1650.47
5/17/2013,123.50,1667.47
5/20/2013,122.00,1666.29
5/21/2013,122.90,1669.16
5/22/2013,123.80,1655.35
5/23/2013,126.30,1650.51
5/24/2013,133.10,1649.60
5/28/2013,129.00,1660.06
5/29/2013,132.30,1648.36
5/30/2013,128.80,1654.41
5/31/2013,128.80,1630.74
6/3/2013,120.70,1640.42
6/4/2013,121.40,1631.38
6/5/2013,121.90,1608.90
6/6/2013,119.00,1622.56
6/7/2013,111.00,1643.38
6/10/2013,106.30,1642.81
6/11/2013,109.00,1626.13
6/12/2013,108.80,1612.52
6/13/2013,103.90,1636.36
6/14/2013,100.00,1626.73
6/17/2013,101.90,1639.04
6/18/2013,107.30,1651.81
6/19/2013,108.30,1628.93
6/20/2013,111.30,1588.19
6/21/2013,109.50,1592.43
6/24/2013,102.10,1573.09
6/25/2013,103.30,1588.03
6/26/2013,104.00,1603.26
6/27/2013,101.70,1613.20
6/28/2013,94.70,1606.28
7/1/2013,88.10,1614.96
7/2/2013,90.40,1614.08
7/3/2013,78.90,1615.41
7/5/2013,68.50,1631.89
7/8/2013,76.00,1640.46
7/9/2013,76.70,1652.32
7/10/2013,88.00,1652.62
7/11/2013,89.00,1675.02
7/12/2013,94.00,1680.19
7/15/2013,98.90,1682.50
7/16/2013,97.10,1676.26
7/17/2013,98.50,1680.91
7/18/2013,90.10,1689.37
7/19/2013,92.00,1692.09
7/22/2013,91.60,1695.53
7/23/2013,95.60,1692.39
7/24/2013,95.10,1685.94
7/25/2013,96.90,1690.25
7/26/2013,96.00,1691.65
7/29/2013,101.50,1685.33
7/30/2013,108.00,1685.96
7/31/2013,106.20,1685.73
8/1/2013,104.00,1706.87
8/2/2013,104.50,1709.67
8/5/2013,106.70,1707.14
8/6/2013,106.60,1697.37
8/7/2013,106.00,1690.91
8/8/2013,103.10,1697.48
8/9/2013,102.80,1691.42
8/12/2013,106.80,1689.47
8/13/2013,109.60,1694.16
8/14/2013,112.60,1685.39
8/15/2013,110.00,1661.32
8/16/2013,109.00,1655.83
8/19/2013,118.50,1646.06
8/20/2013,121.20,1652.35
8/21/2013,123.30,1642.80
8/22/2013,122.00,1656.96
8/23/2013,118.50,1663.50
8/26/2013,120.10,1656.78
8/27/2013,131.30,1630.48
8/28/2013,128.80,1634.96
8/29/2013,129.30,1638.17
8/30/2013,138.00,1632.97
9/3/2013,144.00,1639.77
9/4/2013,132.50,1653.08
9/5/2013,130.20,1655.08
9/6/2013,121.90,1655.17
9/9/2013,133.10,1671.71
9/10/2013,132.60,1683.99
9/11/2013,142.10,1689.13
9/12/2013,139.40,1683.42
9/13/2013,140.70,1687.99
9/16/2013,139.40,1697.60
9/17/2013,139.10,1704.76
9/18/2013,140.40,1725.52
9/19/2013,135.10,1722.34
9/20/2013,133.80,1709.91
9/23/2013,133.40,1701.84
9/24/2013,134.80,1697.42
9/25/2013,135.00,1692.77
9/26/2013,137.10,1698.67
9/27/2013,138.90,1691.75
9/30/2013,141.90,1681.55
10/1/2013,140.30,1695.00
10/2/2013,123.00,1693.87
10/3/2013,131.00,1678.66
10/4/2013,136.80,1690.50
10/7/2013,135.80,1676.12
10/8/2013,136.50,1655.45
10/9/2013,139.50,1656.40
10/10/2013,140.40,1692.56
10/11/2013,140.10,1703.20
10/14/2013,151.40,1710.14
10/15/2013,158.10,1698.06
10/16/2013,152.80,1721.54
10/17/2013,157.60,1733.15
10/18/2013,168.30,1744.50
10/21/2013,192.80,1744.66
10/22/2013,203.00,1754.67
10/23/2013,228.00,1746.38
10/24/2013,207.00,1752.07
10/25/2013,197.90,1759.77
10/28/2013,206.90,1762.11
10/29/2013,216.00,1771.95
10/30/2013,208.00,1763.31
10/31/2013,211.20,1756.54
11/1/2013,213.40,1761.64
11/4/2013,238.20,1767.93
11/5/2013,251.30,1762.97
11/6/2013,264.10,1770.49
11/7/2013,309.60,1747.15
11/8/2013,355.00,1770.61
11/11/2013,363.00,1771.89
11/12/2013,380.00,1767.69
11/13/2013,434.90,1782.00
11/14/2013,433.40,1790.62
11/15/2013,433.90,1798.18
11/18/2013,785.40,1791.53
11/19/2013,645.70,1787.87
11/20/2013,638.00,1781.37
11/21/2013,764.90,1795.85
11/22/2013,802.00,1804.76
11/25/2013,830.00,1802.48
11/26/2013,970.00,1802.75
11/27/2013,1079.90,1807.23
11/29/2013,1206.90,1805.81
12/2/2013,1096.60,1800.90
12/3/2013,1154.90,1795.15
12/4/2013,1237.60,1792.81
12/5/2013,1106.30,1785.03
12/6/2013,845.00,1805.09
12/9/2013,919.00,1808.37
12/10/2013,1033.70,1802.62
12/11/2013,919.90,1782.22
12/12/2013,900.00,1775.50
12/13/2013,936.80,1775.32
12/16/2013,759.90,1786.54
12/17/2013,715.00,1781.00
12/18/2013,541.00,1810.65
12/19/2013,732.00,1809.60
12/20/2013,650.00,1818.32
12/23/2013,713.20,1827.99
12/24/2013,702.80,1833.32
12/26/2013,802.00,1842.02
12/27/2013,803.00,1841.40
12/30/2013,804.80,1841.07
12/31/2013,805.90,1848.36
1/2/2014,856.90,1831.98
1/3/2014,884.30,1831.37
1/6/2014,1012.70,1826.77
1/7/2014,879.90,1837.88
1/8/2014,938.80,1837.49
1/9/2014,937.00,1838.13
1/10/2014,957.80,1842.37
1/13/2014,922.90,1819.20
1/14/2014,919.30,1838.88
1/15/2014,941.20,1848.38
1/16/2014,913.50,1845.89
1/17/2014,894.20,1838.70
1/21/2014,962.20,1843.80
1/22/2014,951.00,1844.86
1/23/2014,944.20,1828.46
1/24/2014,916.50,1790.29
1/27/2014,943.50,1781.56
1/28/2014,932.70,1792.50
1/29/2014,925.70,1774.20
1/30/2014,941.40,1794.19
1/31/2014,938.80,1782.59
2/3/2014,931.70,1741.89
2/4/2014,926.60,1755.20
2/5/2014,904.50,1751.64
2/6/2014,828.90,1773.43
2/7/2014,695.70,1797.02
2/10/2014,582.60,1799.84
2/11/2014,579.00,1819.75
2/12/2014,531.10,1819.26
2/13/2014,451.40,1829.83
2/14/2014,427.70,1838.63
2/18/2014,294.00,1840.76
2/19/2014,261.50,1828.75
2/20/2014,111.90,1839.78
2/21/2014,111.60,1836.25
2/24/2014,174.00,1847.61
2/25/2014,135.80,1845.12
2/26/2014,593.10,1845.16
2/27/2014,596.50,1854.29
2/28/2014,573.90,1859.45
3/3/2014,662.20,1845.73
3/4/2014,661.80,1873.91
3/5/2014,658.30,1873.81
3/6/2014,648.30,1877.03
3/7/2014,616.70,1878.04
3/10/2014,613.00,1877.17
3/11/2014,608.70,1867.63
3/12/2014,619.40,1868.20
3/13/2014,625.00,1846.34
3/14/2014,614.00,1841.13
3/17/2014,606.40,1858.83
3/18/2014,598.90,1872.25
3/19/2014,595.00,1860.77
3/20/2014,566.00,1872.01
3/21/2014,549.60,1866.52
3/24/2014,567.60,1857.44
3/25/2014,562.90,1865.62
3/26/2014,562.50,1852.56
3/27/2014,460.50,1849.04
3/28/2014,482.60,1857.62
3/31/2014,444.70,1872.34
4/1/2014,463.50,1885.52
4/2/2014,424.40,1890.90
4/3/2014,436.30,1888.77
4/4/2014,444.40,1865.09
4/7/2014,462.40,1845.04
4/8/2014,466.60,1851.96
4/9/2014,457.30,1872.18
4/10/2014,384.60,1833.08
4/11/2014,435.10,1815.69
4/14/2014,478.40,1830.61
4/15/2014,526.40,1842.98
4/16/2014,537.00,1862.31
4/17/2014,502.00,1864.85
4/21/2014,495.20,1871.89
4/22/2014,487.90,1879.55
4/23/2014,487.30,1875.39
4/24/2014,500.30,1878.61
4/25/2014,464.50,1863.40
4/28/2014,441.90,1869.43
4/29/2014,446.10,1878.33
4/30/2014,445.60,1883.95
5/1/2014,460.10,1883.68
5/2/2014,453.70,1881.14
5/5/2014,430.90,1884.66
5/6/2014,432.20,1867.72
5/7/2014,446.50,1878.21
5/8/2014,441.10,1875.63
5/9/2014,445.50,1878.48
5/12/2014,438.20,1896.65
5/13/2014,433.90,1897.45
5/14/2014,442.60,1888.53
5/15/2014,448.10,1870.85
5/16/2014,453.60,1877.86
5/19/2014,443.90,1885.08
5/20/2014,484.60,1872.83
5/21/2014,488.80,1888.03
5/22/2014,515.40,1892.49
5/23/2014,518.10,1900.53
5/27/2014,570.10,1911.91
5/28/2014,570.80,1909.78
5/29/2014,564.40,1920.03
5/30/2014,612.30,1923.57
6/2/2014,655.50,1924.97
6/3/2014,669.40,1924.24
6/4/2014,638.90,1927.88
6/5/2014,660.20,1940.46
6/6/2014,650.40,1949.44
6/9/2014,644.30,1951.27
6/10/2014,655.60,1950.79
6/11/2014,643.00,1943.89
6/12/2014,597.10,1930.11
6/13/2014,610.30,1936.16
6/16/2014,599.10,1937.78
6/17/2014,605.10,1941.99
6/18/2014,606.20,1956.98
6/19/2014,600.20,1959.48
6/20/2014,590.80,1962.87
6/23/2014,591.20,1962.61
6/24/2014,588.80,1949.98
6/25/2014,568.50,1959.53
6/26/2014,582.70,1957.22
6/27/2014,602.20,1960.96
6/30/2014,635.10,1960.23
7/1/2014,643.20,1973.32
7/2/2014,645.70,1974.62
7/3/2014,638.00,1985.44
7/7/2014,613.60,1977.65
7/8/2014,615.30,1963.71
7/9/2014,623.00,1972.83
7/10/2014,618.40,1964.68
7/11/2014,632.90,1967.57
7/14/2014,618.30,1977.10
7/15/2014,619.60,1973.28
7/16/2014,614.80,1981.57
7/17/2014,626.60,1958.12
7/18/2014,627.50,1978.22
7/21/2014,625.10,1973.63
7/22/2014,622.50,1983.53
7/23/2014,621.70,1987.01
7/24/2014,601.90,1987.98
7/25/2014,600.50,1978.34
7/28/2014,587.90,1978.91
7/29/2014,585.80,1969.95
7/30/2014,564.60,1970.07
7/31/2014,589.50,1930.67
8/1/2014,598.80,1925.15
8/4/2014,592.80,1938.99
8/5/2014,588.80,1920.21
8/6/2014,589.80,1920.24
8/7/2014,592.80,1909.57
8/8/2014,595.80,1931.59
8/11/2014,575.90,1936.92
8/12/2014,567.70,1933.75
8/13/2014,542.10,1946.72
8/14/2014,504.80,1955.18
8/15/2014,496.50,1955.06
8/18/2014,462.20,1971.74
8/19/2014,485.10,1981.60
8/20/2014,516.80,1986.51
8/21/2014,517.90,1992.37
8/22/2014,516.10,1988.40
8/25/2014,502.90,1997.92
8/26/2014,512.60,2000.02
8/27/2014,515.20,2000.12
8/28/2014,510.80,1996.74
8/29/2014,512.60,2003.37
9/2/2014,478.90,2002.28
9/3/2014,480.00,2000.72
9/4/2014,491.00,1997.65
9/5/2014,483.60,2007.71
9/8/2014,475.70,2001.54
9/9/2014,474.90,1988.44
9/10/2014,479.70,1995.69
9/11/2014,478.50,1997.45
9/12/2014,477.70,1985.54
9/15/2014,477.70,1984.13
9/16/2014,466.80,1998.98
9/17/2014,461.10,2001.57
9/18/2014,424.30,2011.36
9/19/2014,397.70,2010.40
9/22/2014,404.10,1994.29
9/23/2014,436.90,1982.77
9/24/2014,423.80,1998.30
9/25/2014,412.30,1965.99
9/26/2014,404.50,1982.85
9/29/2014,376.80,1977.80
9/30/2014,388.20,1972.29
10/1/2014,382.80,1946.16
10/2/2014,375.10,1946.17
10/3/2014,363.50,1967.90
10/6/2014,331.50,1964.82
10/7/2014,331.60,1935.10
10/8/2014,350.90,1968.89
10/9/2014,360.90,1928.21
10/10/2014,361.70,1906.13
10/13/2014,387.30,1874.74
10/14/2014,397.10,1877.70
10/15/2014,393.20,1862.49
10/16/2014,379.80,1862.76
10/17/2014,380.50,1886.76
10/20/2014,380.40,1904.01
10/21/2014,382.40,1941.28
10/22/2014,378.90,1927.11
10/23/2014,355.80,1950.82
10/24/2014,355.10,1964.58
10/27/2014,350.10,1961.63
10/28/2014,351.10,1985.05
10/29/2014,335.10,1982.30
10/30/2014,344.90,1994.65
10/31/2014,337.90,2018.05
11/3/2014,324.20,2017.81
11/4/2014,328.00,2012.10
11/5/2014,338.00,2023.57
11/6/2014,347.70,2031.21
11/7/2014,341.90,2031.92
11/10/2014,367.10,2038.26
11/11/2014,365.40,2039.68
11/12/2014,432.00,2038.25
11/13/2014,428.70,2039.33
11/14/2014,396.50,2039.82
11/17/2014,384.70,2041.32
11/18/2014,379.20,2051.80
11/19/2014,381.40,2048.72
11/20/2014,357.30,2052.75
11/21/2014,351.80,2063.50
11/24/2014,378.90,2069.41
11/25/2014,376.40,2067.03
11/26/2014,365.40,2072.83
11/28/2014,377.60,2067.56
12/1/2014,378.60,2053.44
12/2/2014,380.60,2066.55
12/3/2014,377.00,2074.33
12/4/2014,369.80,2071.92
12/5/2014,377.60,2075.37
12/8/2014,365.00,2060.31
12/9/2014,352.20,2059.82
12/10/2014,347.90,2026.14
12/11/2014,347.70,2035.33
12/12/2014,353.40,2002.33
12/15/2014,345.40,1989.63
12/16/2014,330.20,1972.74
12/17/2014,320.00,2012.89
12/18/2014,310.30,2061.23
12/19/2014,317.80,2070.65
12/22/2014,330.80,2078.54
12/23/2014,335.30,2082.17
12/24/2014,322.40,2081.88
12/26/2014,330.00,2088.77
12/29/2014,314.10,2090.57
12/30/2014,311.30,2080.35
12/31/2014,318.20,2058.90
1/2/2015,315.20,2058.20
1/5/2015,274.80,2020.58
1/6/2015,282.30,2002.61
1/7/2015,291.30,2025.90
1/8/2015,282.70,2062.14
1/9/2015,288.00,2044.81
1/12/2015,269.30,2028.26
1/13/2015,221.30,2023.03
1/14/2015,164.90,2011.27
1/15/2015,209.80,1992.67
1/16/2015,206.90,2019.42
1/20/2015,210.60,2022.55
1/21/2015,228.20,2032.12
1/22/2015,232.70,2063.15
1/23/2015,232.20,2051.82
1/26/2015,269.20,2057.09
1/27/2015,263.30,2029.55
1/28/2015,236.20,2002.16
1/29/2015,234.00,2021.25
1/30/2015,231.80,1994.99
2/2/2015,238.90,2020.85
2/3/2015,227.40,2050.03
2/4/2015,226.60,2041.51
2/5/2015,216.50,2062.52
2/6/2015,223.00,2055.47
2/9/2015,220.30,2046.74
2/10/2015,219.70,2068.59
2/11/2015,218.80,2068.53
2/12/2015,221.80,2088.48
2/13/2015,236.20,2096.99
2/17/2015,243.20,2100.34
2/18/2015,235.20,2099.68
2/19/2015,241.90,2097.45
2/20/2015,244.50,2110.30
2/23/2015,238.80,2109.66
2/24/2015,238.90,2115.48
2/25/2015,237.30,2113.86
2/26/2015,236.50,2110.74
2/27/2015,253.50,2104.50
3/2/2015,273.80,2117.39
3/3/2015,280.60,2107.78
3/4/2015,271.90,2098.53
3/5/2015,275.20,2101.04
3/6/2015,272.60,2071.26
3/9/2015,290.00,2079.43
3/10/2015,291.40,2044.16
3/11/2015,295.60,2040.24
3/12/2015,293.90,2065.95
3/13/2015,287.20,2053.40
3/16/2015,290.40,2081.19
3/17/2015,285.40,2074.28
3/18/2015,255.90,2099.50
3/19/2015,260.90,2089.27
3/20/2015,261.80,2108.10
3/23/2015,265.50,2104.42
3/24/2015,246.70,2091.50
3/25/2015,246.40,2061.05
3/26/2015,248.00,2056.15
3/27/2015,247.20,2061.02
3/30/2015,246.80,2086.24
3/31/2015,244.10,2067.89
4/1/2015,246.20,2059.69
4/2/2015,252.60,2066.96
4/6/2015,255.00,2080.62
4/7/2015,253.00,2076.33
4/8/2015,244.60,2081.90
4/9/2015,243.30,2091.18
4/10/2015,234.70,2102.06
4/13/2015,223.60,2092.43
4/14/2015,218.00,2095.84
4/15/2015,223.00,2106.63
4/16/2015,228.00,2104.99
4/17/2015,222.60,2081.18
4/20/2015,224.20,2100.40
4/21/2015,233.70,2097.29
4/22/2015,233.80,2107.96
4/23/2015,235.40,2112.93
4/24/2015,231.10,2117.69
4/27/2015,229.00,2108.92
4/28/2015,225.80,2114.76
4/29/2015,225.40,2106.85
4/30/2015,235.80,2085.51
5/1/2015,233.20,2108.29
5/4/2015,239.00,2114.49
5/5/2015,235.80,2089.46
5/6/2015,230.00,2080.15
5/7/2015,237.70,2088.00
5/8/2015,243.70,2116.10
5/11/2015,241.80,2105.33
5/12/2015,241.60,2099.12
5/13/2015,236.40,2098.48
5/14/2015,236.90,2121.10
5/15/2015,237.20,2122.73
5/18/2015,232.60,2129.20
5/19/2015,232.00,2127.83
5/20/2015,234.00,2125.85
5/21/2015,235.40,2130.82
5/22/2015,240.40,2126.06
5/26/2015,237.80,2104.20
5/27/2015,237.30,2123.48
5/28/2015,237.30,2120.79
5/29/2015,237.00,2107.39
6/1/2015,223.10,2111.73
6/2/2015,225.70,2109.60
6/3/2015,225.60,2114.07
6/4/2015,224.20,2095.84
6/5/2015,225.30,2092.83
6/8/2015,228.60,2079.28
6/9/2015,229.60,2080.15
6/10/2015,228.80,2105.20
6/11/2015,229.90,2108.86
6/12/2015,230.50,2094.11
6/15/2015,237.00,2084.43
6/16/2015,249.80,2096.29
6/17/2015,247.40,2100.44
6/18/2015,248.40,2121.24
6/19/2015,244.10,2109.99
6/22/2015,247.50,2122.85
6/23/2015,243.80,2124.20
6/24/2015,240.60,2108.58
6/25/2015,242.60,2102.31
6/26/2015,242.90,2101.49
6/29/2015,257.00,2057.64
6/30/2015,264.10,2063.11
7/1/2015,257.60,2077.42
7/2/2015,254.90,2076.78
7/6/2015,269.10,2068.76
7/7/2015,266.20,2081.34
7/8/2015,268.60,2046.68
7/9/2015,269.10,2051.31
7/10/2015,283.60,2076.62
7/13/2015,290.40,2099.60
7/14/2015,287.00,2108.95
7/15/2015,283.40,2107.40
7/16/2015,276.60,2124.29
7/17/2015,279.60,2126.64
7/20/2015,277.70,2128.28
7/21/2015,275.10,2119.21
7/22/2015,276.50,2114.15
7/23/2015,275.50,2102.15
7/24/2015,288.40,2079.65
7/27/2015,293.00,2067.64
7/28/2015,293.70,2093.25
7/29/2015,288.40,2108.57
7/30/2015,287.00,2108.63
7/31/2015,283.70,2103.84
8/3/2015,281.60,2098.04
8/4/2015,284.30,2093.32
8/5/2015,281.70,2099.84
8/6/2015,278.00,2083.56
8/7/2015,277.90,2077.57
8/10/2015,263.30,2104.18
8/11/2015,269.00,2084.07
8/12/2015,267.70,2086.05
8/13/2015,263.40,2083.39
8/14/2015,265.00,2091.54
8/17/2015,257.10,2102.44
8/18/2015,246.70,2096.92
8/19/2015,226.00,2079.61
8/20/2015,234.70,2035.73
8/21/2015,232.40,1970.89
8/24/2015,211.40,1893.21
8/25/2015,220.50,1867.61
8/26/2015,225.00,1940.51
8/27/2015,222.70,1987.66
8/28/2015,231.60,1988.87
8/31/2015,229.50,1972.18
9/1/2015,227.20,1913.85
9/2/2015,228.60,1948.86
9/3/2015,226.20,1951.13
9/4/2015,230.30,1921.22
9/8/2015,243.20,1969.41
9/9/2015,237.40,1942.04
9/10/2015,238.10,1952.29
9/11/2015,239.90,1961.05
9/14/2015,229.90,1953.03
9/15/2015,229.50,1978.09
9/16/2015,228.60,1995.31
9/17/2015,232.70,1990.20
9/18/2015,232.20,1958.03
9/21/2015,226.30,1966.97
9/22/2015,230.00,1942.74
9/23/2015,229.90,1938.76
9/24/2015,233.80,1932.24
9/25/2015,235.00,1931.34
9/28/2015,238.90,1881.77
9/29/2015,236.70,1884.09
9/30/2015,235.90,1920.03
10/1/2015,237.10,1923.82
10/2/2015,236.70,1951.36
10/5/2015,240.10,1987.05
10/6/2015,246.10,1979.92
10/7/2015,243.00,1995.83
10/8/2015,242.60,2013.43
10/9/2015,244.00,2014.89
10/12/2015,245.40,2017.46
10/13/2015,248.80,2003.69
10/14/2015,252.30,1994.24
10/15/2015,254.40,2023.86
10/16/2015,262.90,2033.11
10/19/2015,263.80,2033.66
10/20/2015,269.80,2030.77
10/21/2015,267.10,2018.94
10/22/2015,274.40,2052.51
10/23/2015,276.90,2075.15
10/26/2015,285.10,2071.18
10/27/2015,294.70,2065.89
10/28/2015,303.50,2090.35
10/29/2015,313.60,2089.41
10/30/2015,327.10,2079.36
11/2/2015,359.30,2104.05
11/3/2015,396.50,2109.79
11/4/2015,400.90,2102.31
11/5/2015,382.70,2099.93
11/6/2015,369.80,2099.20
11/9/2015,380.20,2078.58
11/10/2015,336.70,2081.72
11/11/2015,304.70,2075.00
11/12/2015,333.90,2045.97
11/13/2015,333.80,2023.04
11/16/2015,330.20,2053.19
11/17/2015,333.90,2050.44
11/18/2015,335.90,2083.58
11/19/2015,325.00,2081.24
11/20/2015,321.10,2089.17
11/23/2015,322.10,2086.59
11/24/2015,318.40,2089.14
11/25/2015,327.50,2088.87
11/27/2015,359.50,2090.11
11/30/2015,378.00,2080.41
12/1/2015,361.80,2102.63
12/2/2015,360.00,2079.51
12/3/2015,360.30,2049.62
12/4/2015,361.70,2091.69
12/7/2015,394.30,2077.07
12/8/2015,410.70,2063.59
12/9/2015,416.00,2047.62
12/10/2015,415.50,2052.23
12/11/2015,449.80,2012.37
12/14/2015,442.00,2021.94
12/15/2015,462.60,2043.41
12/16/2015,454.00,2073.07
12/17/2015,455.50,2041.89
12/18/2015,463.20,2005.55
12/21/2015,437.60,2021.15
12/22/2015,437.00,2038.97
12/23/2015,442.40,2064.29
12/24/2015,453.00,2060.99
12/28/2015,421.80,2056.50
12/29/2015,431.90,2078.36
12/30/2015,427.10,2063.36
12/31/2015,430.00,2043.94
1/4/2016,433.30,2012.66
1/5/2016,431.20,2016.71
1/6/2016,430.80,1990.26
1/7/2016,457.00,1943.09
1/8/2016,452.90,1922.03
1/11/2016,447.70,1923.67
1/12/2016,445.00,1938.68
1/13/2016,432.20,1890.28
1/14/2016,429.10,1921.84
1/15/2016,372.30,1880.33
1/19/2016,379.50,1881.33
1/20/2016,414.60,1859.33
1/21/2016,410.20,1868.99
1/22/2016,382.60,1906.90
1/25/2016,392.80,1877.08
1/26/2016,389.80,1903.63
1/27/2016,395.00,1882.95
1/28/2016,379.70,1893.36
1/29/2016,380.30,1940.24
2/1/2016,372.20,1939.38
2/2/2016,373.90,1903.03
2/3/2016,368.00,1912.53
2/4/2016,390.60,1915.45
2/5/2016,386.50,1880.05
2/8/2016,372.60,1853.44
2/9/2016,375.30,1852.21
2/10/2016,381.90,1851.86
2/11/2016,379.50,1829.08
2/12/2016,384.00,1864.78
2/16/2016,406.40,1895.58
2/17/2016,417.10,1926.82
2/18/2016,421.40,1917.83
2/19/2016,420.00,1917.78
2/22/2016,437.80,1945.50
2/23/2016,419.90,1921.27
2/24/2016,422.70,1929.80
2/25/2016,423.50,1951.70
2/26/2016,427.30,1948.05
2/29/2016,436.20,1932.23
3/1/2016,434.00,1978.35
3/2/2016,425.40,1986.45
3/3/2016,419.60,1993.40
3/4/2016,409.50,1999.99
3/7/2016,414.90,2001.76
3/8/2016,411.90,1979.26
3/9/2016,412.80,1989.26
3/10/2016,415.80,1989.57
3/11/2016,419.10,2022.19
3/14/2016,414.30,2019.64
3/15/2016,415.10,2015.93
3/16/2016,415.90,2027.22
3/17/2016,418.20,2040.59
3/18/2016,408.20,2049.58
3/21/2016,411.10,2051.60
3/22/2016,416.20,2049.80
3/23/2016,417.00,2036.71
3/24/2016,414.70,2035.94
3/28/2016,422.20,2037.05
3/29/2016,415.00,2055.01
3/30/2016,412.40,2063.95
3/31/2016,415.70,2059.74
4/1/2016,415.60,2072.78
4/4/2016,419.30,2066.13
4/5/2016,422.10,2045.17
4/6/2016,421.30,2066.66
4/7/2016,420.10,2041.91
4/8/2016,417.70,2047.60
4/11/2016,421.40,2041.99
4/12/2016,424.70,2061.72
4/13/2016,423.50,2082.42
4/14/2016,424.00,2082.78
4/15/2016,428.70,2080.73
4/18/2016,427.70,2094.34
4/19/2016,434.90,2100.80
4/20/2016,441.20,2102.40
4/21/2016,449.30,2091.48
4/22/2016,445.30,2091.58
4/25/2016,461.70,2087.79
4/26/2016,466.00,2091.70
4/27/2016,447.00,2095.15
4/28/2016,448.50,2075.81
4/29/2016,455.00,2065.30
5/2/2016,444.20,2081.43
5/3/2016,450.30,2063.37
5/4/2016,445.80,2051.12
5/5/2016,448.10,2050.63
5/6/2016,459.60,2057.14
5/9/2016,460.40,2058.69
5/10/2016,449.40,2084.39
5/11/2016,452.50,2064.46
5/12/2016,454.40,2064.11
5/13/2016,455.40,2046.61
5/16/2016,454.90,2066.66
5/17/2016,453.30,2047.21
5/18/2016,454.20,2047.63
5/19/2016,442.70,2040.04
5/20/2016,442.10,2052.32
5/23/2016,443.70,2048.04
5/24/2016,446.10,2076.06
5/25/2016,449.80,2090.54
5/26/2016,453.30,2090.10
5/27/2016,474.00,2099.06
5/31/2016,528.90,2096.96
6/1/2016,537.40,2099.33
6/2/2016,537.10,2105.26
6/3/2016,567.00,2099.13
6/6/2016,583.60,2109.41
6/7/2016,575.60,2112.13
6/8/2016,580.50,2119.12
6/9/2016,574.70,2115.48
6/10/2016,577.90,2096.07
6/13/2016,700.10,2079.06
6/14/2016,685.10,2075.32
6/15/2016,690.80,2071.50
6/16/2016,761.20,2077.99
6/17/2016,743.90,2071.22
6/20/2016,734.00,2083.25
6/21/2016,667.40,2088.90
6/22/2016,590.60,2085.45
6/23/2016,620.80,2113.32
6/24/2016,656.90,2037.41
6/27/2016,644.70,2000.54
6/28/2016,644.90,2036.09
6/29/2016,636.50,2070.77
6/30/2016,670.00,2098.86
7/1/2016,674.60,2102.95
7/5/2016,663.70,2088.55
7/6/2016,672.70,2099.73
7/7/2016,635.30,2097.90
7/8/2016,662.80,2129.90
7/11/2016,646.70,2137.16
7/12/2016,670.60,2152.14
7/13/2016,661.20,2152.43
7/14/2016,657.30,2163.75
7/15/2016,664.20,2161.74
7/18/2016,670.40,2166.89
7/19/2016,671.10,2163.78
7/20/2016,664.40,2173.02
7/21/2016,664.60,2165.17
7/22/2016,651.10,2175.03
7/25/2016,654.00,2168.48
7/26/2016,654.40,2169.18
7/27/2016,654.50,2166.58
7/28/2016,654.10,2170.06
7/29/2016,655.40,2173.60
8/1/2016,607.00,2170.84
8/2/2016,513.40,2157.03
8/3/2016,566.40,2163.79
8/4/2016,576.20,2164.25
8/5/2016,574.70,2182.87
8/8/2016,589.20,2180.89
8/9/2016,585.30,2181.74
8/10/2016,590.90,2175.49
8/11/2016,587.80,2185.79
8/12/2016,587.10,2184.05
8/15/2016,567.00,2190.15
8/16/2016,580.20,2178.15
8/17/2016,572.30,2182.22
8/18/2016,573.40,2187.02
8/19/2016,574.60,2183.87
8/22/2016,587.50,2182.64
8/23/2016,583.60,2186.90
8/24/2016,579.70,2175.44
8/25/2016,578.00,2172.47
8/26/2016,579.40,2169.04
8/29/2016,574.20,2180.38
8/30/2016,577.30,2176.12
8/31/2016,573.90,2170.95
9/1/2016,572.00,2170.86
9/2/2016,575.30,2179.98
9/6/2016,610.40,2186.48
9/7/2016,613.20,2186.16
9/8/2016,625.60,2181.30
9/9/2016,623.20,2127.81
9/12/2016,608.00,2159.04
9/13/2016,608.60,2127.02
9/14/2016,609.50,2125.77
9/15/2016,608.10,2147.26
9/16/2016,607.80,2139.16
9/19/2016,609.80,2139.12
9/20/2016,609.20,2139.76
9/21/2016,597.20,2163.12
9/22/2016,595.60,2177.18
9/23/2016,602.90,2164.69
9/26/2016,606.50,2146.10
9/27/2016,605.50,2159.93
9/28/2016,604.70,2171.37
9/29/2016,604.70,2151.13
9/30/2016,608.10,2168.27
10/3/2016,611.60,2161.20
10/4/2016,609.00,2150.49
10/5/2016,611.80,2159.73
10/6/2016,611.00,2160.77
10/7/2016,616.00,2153.74
10/10/2016,617.30,2163.66
10/11/2016,640.50,2136.73
10/12/2016,636.00,2139.18
10/13/2016,635.60,2132.55
10/14/2016,637.90,2132.98
10/17/2016,637.40,2126.50
10/18/2016,635.30,2139.60
10/19/2016,629.10,2144.29
10/20/2016,628.30,2141.34
10/21/2016,630.50,2141.16
10/24/2016,650.50,2151.33
10/25/2016,651.00,2143.16
10/26/2016,674.70,2139.43
10/27/2016,682.30,2133.04
10/28/2016,686.20,2126.41
10/31/2016,698.70,2126.15
11/1/2016,726.80,2111.72
11/2/2016,733.50,2097.94
11/3/2016,684.90,2088.66
11/4/2016,702.10,2085.18
11/7/2016,705.40,2131.52
11/8/2016,710.90,2139.56
11/9/2016,721.40,2163.26
11/10/2016,714.60,2167.48
11/11/2016,715.00,2164.45
11/14/2016,704.60,2164.20
11/15/2016,711.10,2180.39
11/16/2016,740.30,2176.94
11/17/2016,737.50,2187.12
11/18/2016,747.00,2181.90
11/21/2016,736.20,2198.18
11/22/2016,749.30,2202.94
11/23/2016,741.10,2204.72
11/25/2016,740.40,2213.35
11/28/2016,733.30,2201.72
11/29/2016,732.60,2204.66
11/30/2016,742.50,2198.81
12/1/2016,752.60,2191.08
12/2/2016,770.90,2191.95
12/5/2016,754.30,2204.71
12/6/2016,758.20,2212.23
12/7/2016,765.60,2241.35
12/8/2016,768.50,2246.19
12/9/2016,770.50,2259.53
12/12/2016,778.50,2256.96
12/13/2016,778.70,2271.72
12/14/2016,776.50,2253.28
12/15/2016,775.20,2262.03
12/16/2016,782.00,2258.07
12/19/2016,789.80,2262.53
12/20/2016,799.10,2270.76
12/21/2016,829.20,2265.18
12/22/2016,860.20,2260.96
12/23/2016,917.20,2263.79
12/27/2016,925.80,2268.88
12/28/2016,972.20,2249.92
12/29/2016,971.10,2249.26
12/30/2016,959.00,2238.83
1/3/2017,1033.30,2257.83
1/4/2017,1135.40,2270.75
1/5/2017,989.30,2269.00
1/6/2017,886.20,2276.98
1/9/2017,899.80,2268.90
1/10/2017,904.40,2268.90
1/11/2017,785.40,2275.32
1/12/2017,810.10,2270.44
1/13/2017,824.80,2274.64
1/17/2017,899.70,2267.89
1/18/2017,872.00,2271.89
1/19/2017,895.20,2263.69
1/20/2017,892.90,2271.31
1/23/2017,921.50,2265.20
1/24/2017,893.80,2280.07
1/25/2017,894.40,2298.37
1/26/2017,915.60,2296.68
1/27/2017,918.00,2294.69
1/30/2017,920.70,2280.90
1/31/2017,965.50,2278.87
2/1/2017,982.40,2279.55
2/2/2017,1004.00,2280.85
2/3/2017,1013.00,2297.42
2/6/2017,1024.70,2292.56
2/7/2017,1049.60,2293.08
2/8/2017,1055.50,2294.67
2/9/2017,979.00,2307.87
2/10/2017,997.60,2316.10
2/13/2017,995.40,2328.25
2/14/2017,1008.30,2337.58
2/15/2017,1008.20,2349.25
2/16/2017,1031.90,2347.22
2/17/2017,1049.40,2351.16
2/21/2017,1119.00,2365.38
2/22/2017,1120.50,2362.82
2/23/2017,1171.90,2363.81
2/24/2017,1176.50,2367.34
2/27/2017,1188.80,2369.75
2/28/2017,1189.30,2363.64
3/1/2017,1222.70,2395.96
3/2/2017,1255.50,2381.92
3/3/2017,1283.30,2383.12
3/6/2017,1277.00,2375.31
3/7/2017,1232.70,2368.39
3/8/2017,1147.00,2362.98
3/9/2017,1191.30,2364.87
3/10/2017,1112.40,2372.60
3/13/2017,1238.20,2373.47
3/14/2017,1243.10,2365.45
3/15/2017,1253.40,2385.26
3/16/2017,1172.90,2381.38
3/17/2017,1071.70,2378.25
3/20/2017,1047.50,2373.47
3/21/2017,1121.30,2344.02
3/22/2017,1044.70,2348.45
3/23/2017,1035.00,2345.96
3/24/2017,939.70,2343.98
3/27/2017,1045.10,2341.59
3/28/2017,1044.40,2358.57
3/29/2017,1041.90,2361.13
3/30/2017,1037.90,2368.06
3/31/2017,1079.10,2362.72
4/3/2017,1147.60,2358.84
4/4/2017,1141.80,2360.16
4/5/2017,1129.90,2352.95
4/6/2017,1188.70,2357.49
4/7/2017,1190.50,2355.54
4/10/2017,1206.70,2357.16
4/11/2017,1220.70,2353.78
4/12/2017,1212.50,2344.93
4/13/2017,1176.20,2328.95
4/17/2017,1194.00,2349.01
4/18/2017,1206.10,2342.19
4/19/2017,1215.20,2338.17
4/20/2017,1238.10,2355.84
4/21/2017,1249.60,2348.69
4/24/2017,1248.20,2374.15
4/25/2017,1264.30,2388.61
4/26/2017,1286.60,2387.45
4/27/2017,1332.90,2388.77
4/28/2017,1329.60,2384.20
5/1/2017,1415.80,2388.33
5/2/2017,1445.90,2391.17
5/3/2017,1485.60,2388.13
5/4/2017,1516.80,2389.52
5/5/2017,1507.80,2399.29
5/8/2017,1664.50,2399.38
5/9/2017,1697.50,2396.92
5/10/2017,1752.30,2399.63
5/11/2017,1819.30,2394.44
5/12/2017,1686.40,2390.90
5/15/2017,1708.90,2402.32
5/16/2017,1729.30,2400.67
5/17/2017,1801.30,2357.03
5/18/2017,1881.00,2365.72
5/19/2017,1962.00,2381.73
5/22/2017,2124.40,2394.02
5/23/2017,2272.60,2398.42
5/24/2017,2445.30,2404.39
5/25/2017,2307.20,2415.07
5/26/2017,2244.90,2415.82
5/30/2017,2192.60,2412.91
5/31/2017,2303.30,2411.80
6/1/2017,2412.60,2430.06
6/2/2017,2492.60,2439.07
6/5/2017,2705.00,2436.10
6/6/2017,2870.50,2429.33
6/7/2017,2691.50,2433.14
6/8/2017,2798.80,2433.79
6/9/2017,2811.40,2431.77
6/12/2017,2656.80,2429.39
6/13/2017,2713.00,2440.35
6/14/2017,2467.30,2437.92
6/15/2017,2442.50,2432.46
6/16/2017,2508.60,2433.15
6/19/2017,2616.80,2453.46
6/20/2017,2754.40,2437.03
6/21/2017,2677.60,2435.61
6/22/2017,2722.80,2434.50
6/23/2017,2710.40,2438.30
6/26/2017,2446.10,2439.07
6/27/2017,2583.80,2419.38
6/28/2017,2577.70,2440.69
6/29/2017,2558.40,2419.70
6/30/2017,2480.60,2423.41
7/3/2017,2572.50,2429.01
7/5/2017,2627.90,2432.54
7/6/2017,2614.20,2409.75
7/7/2017,2513.90,2425.18
7/10/2017,2344.00,2427.43
7/11/2017,2324.30,2425.53
7/12/2017,2403.10,2443.25
7/13/2017,2362.40,2447.83
7/14/2017,2234.20,2459.27
7/17/2017,2233.40,2459.14
7/18/2017,2320.20,2460.61
7/19/2017,2282.60,2473.83
7/20/2017,2866.00,2473.45
7/21/2017,2675.10,2472.54
7/24/2017,2763.40,2469.91
7/25/2017,2582.60,2477.13
7/26/2017,2559.20,2477.83
7/27/2017,2691.90,2475.42
7/28/2017,2806.80,2472.10
7/31/2017,2883.30,2470.30
8/1/2017,2747.00,2476.35
8/2/2017,2720.50,2477.57
8/3/2017,2810.00,2472.16
8/4/2017,2878.50,2476.83
8/7/2017,3401.90,2480.91
8/8/2017,3429.40,2474.92
8/9/2017,3348.80,2474.02
8/10/2017,3425.70,2438.21
8/11/2017,3654.40,2441.32
8/14/2017,4327.90,2465.84
8/15/2017,4161.70,2464.61
8/16/2017,4387.40,2468.11
8/17/2017,4278.90,2430.01
8/18/2017,4105.40,2425.55
8/21/2017,4005.10,2428.37
8/22/2017,4089.70,2452.51
8/23/2017,4141.10,2444.04
8/24/2017,4318.40,2438.97
8/25/2017,4364.40,2443.05
8/28/2017,4390.30,2444.24
8/29/2017,4597.30,2446.30
8/30/2017,4583.00,2457.59
8/31/2017,4735.10,2471.65
9/1/2017,4921.90,2476.55
9/5/2017,4409.10,2457.85
9/6/2017,4618.70,2465.54
9/7/2017,4635.60,2465.10
9/8/2017,4326.50,2461.43
9/11/2017,4217.90,2488.11
9/12/2017,4158.90,2496.48
9/13/2017,3870.30,2498.37
9/14/2017,3243.10,2495.62
9/15/2017,3713.80,2500.23
9/18/2017,4100.30,2503.87
9/19/2017,3908.00,2506.65
9/20/2017,3882.20,2508.24
9/21/2017,3617.30,2500.60
9/22/2017,3600.80,2502.22
9/25/2017,3932.80,2496.66
9/26/2017,3892.70,2496.84
9/27/2017,4212.20,2507.04
9/28/2017,4195.60,2510.06
9/29/2017,4172.80,2519.36
10/2/2017,4401.30,2529.12
10/3/2017,4314.20,2534.58
10/4/2017,4218.70,2537.74
10/5/2017,4321.40,2552.07
10/6/2017,4371.90,2549.33
10/9/2017,4777.50,2544.73
10/10/2017,4763.40,2550.64
10/11/2017,4824.20,2555.24
10/12/2017,5432.60,2550.93
10/13/2017,5637.30,2553.17
10/16/2017,5759.30,2557.64
10/17/2017,5598.60,2559.36
10/18/2017,5575.80,2561.26
10/19/2017,5698.60,2562.10
10/20/2017,5993.10,2575.21
10/23/2017,5903.60,2564.98
10/24/2017,5513.10,2569.13
10/25/2017,5734.00,2557.15
10/26/2017,5887.60,2560.40
10/27/2017,5764.60,2581.07
10/30/2017,6124.30,2572.83
10/31/2017,6451.20,2575.26
11/1/2017,6737.80,2579.36
11/2/2017,7024.80,2579.85
11/3/2017,7152.10,2587.84
11/6/2017,6959.20,2591.13
11/7/2017,7102.80,2590.64
11/8/2017,7444.40,2594.38
11/9/2017,7129.60,2584.62
11/10/2017,6565.80,2582.30
11/13/2017,6522.50,2584.84
11/14/2017,6597.10,2578.87
11/15/2017,7283.20,2564.62
11/16/2017,7853.70,2585.64
11/17/2017,7700.00,2578.85
11/20/2017,8244.70,2582.14
11/21/2017,8100.00,2599.03
11/22/2017,8234.50,2597.08
11/24/2017,8200.80,2602.42
11/27/2017,9733.20,2601.42
11/28/2017,9906.00,2627.04
11/29/2017,9837.90,2626.07
11/30/2017,9946.80,2647.58
12/1/2017,10861.50,2642.22
12/4/2017,11623.90,2639.44
12/5/2017,11667.10,2629.57
12/6/2017,13749.60,2629.27
12/7/2017,16850.30,2636.98
12/8/2017,16047.60,2651.50
12/11/2017,16732.50,2659.99
12/12/2017,17083.90,2664.11
12/13/2017,16286.80,2662.85
12/14/2017,16467.90,2652.01
12/15/2017,17604.80,2675.81
12/18/2017,18972.30,2690.16
12/19/2017,17523.70,2681.47
12/20/2017,16462.00,2679.25
12/21/2017,15632.10,2684.57
12/22/2017,13665.00,2683.34
12/26/2017,15756.60,2680.50
12/27/2017,15416.60,2682.62
12/28/2017,14398.70,2687.54
12/29/2017,14392.60,2673.61
1/2/2018,14754.10,2695.81
1/3/2018,15156.60,2713.06
1/4/2018,15180.10,2723.99
1/5/2018,16954.80,2743.15
1/8/2018,14976.20,2747.71
1/9/2018,14778.50,2751.29
1/10/2018,15043.00,2748.23
1/11/2018,13535.40,2767.56
1/12/2018,13886.70,2786.24
1/16/2018,11362.00,2776.42
1/17/2018,11192.30,2802.56
1/18/2018,11245.40,2798.03
1/19/2018,11580.20,2810.30
1/22/2018,10864.80,2832.97
1/23/2018,10903.20,2839.13
1/24/2018,11452.30,2837.54
1/25/2018,11203.00,2839.25
1/26/2018,11118.10,2872.87
1/29/2018,11244.80,2853.53
1/30/2018,10166.00,2822.43
1/31/2018,10265.40,2823.81
2/1/2018,9181.10,2821.98
2/2/2018,8893.20,2762.13
2/5/2018,6938.50,2648.94
2/6/2018,7701.20,2695.14
2/7/2018,7594.70,2681.66
2/8/2018,8164.20,2581.00
2/9/2018,8699.80,2619.55
2/12/2018,8903.50,2656.00
2/13/2018,8539.20,2662.94
2/14/2018,9476.30,2698.63
2/15/2018,10037.30,2731.20
2/16/2018,10178.70,2732.22
2/20/2018,11238.70,2716.26
2/21/2018,10473.00,2701.33
2/22/2018,9841.70,2703.96
2/23/2018,10170.40,2747.30
2/26/2018,10285.10,2779.60
2/27/2018,10594.40,2744.28
2/28/2018,10333.90,2713.83
3/1/2018,10904.50,2677.67
3/2/2018,10827.70,2691.25
3/5/2018,11330.60,2720.94
3/6/2018,10675.10,2728.12
3/7/2018,9902.90,2726.80
3/8/2018,9300.00,2738.97
3/9/2018,9217.00,2786.57
3/12/2018,9137.40,2783.02
3/13/2018,9154.90,2765.31
3/14/2018,8210.60,2749.48
3/15/2018,8264.40,2747.33
3/16/2018,8289.20,2752.01
3/19/2018,8616.80,2712.92
3/20/2018,8912.60,2716.94
3/21/2018,8905.90,2711.93
3/22/2018,8726.20,2643.69
3/23/2018,8916.80,2588.26
3/26/2018,8143.50,2658.55
3/27/2018,7801.70,2612.62
3/28/2018,7954.90,2605.00
3/29/2018,7129.20,2640.87
4/2/2018,7068.40,2581.88
4/3/2018,7424.20,2614.45
4/4/2018,6808.90,2644.69
4/5/2018,6782.00,2662.84
4/6/2018,6624.30,2604.47
4/9/2018,6781.90,2613.16
4/10/2018,6854.80,2656.87
4/11/2018,6962.10,2642.19
4/12/2018,7926.60,2663.99
4/13/2018,7887.40,2656.30
4/16/2018,8070.00,2677.84
4/17/2018,7908.60,2706.39
4/18/2018,8178.40,2708.64
4/19/2018,8290.80,2693.13
4/20/2018,8867.00,2670.14
4/23/2018,8952.80,2670.29
4/24/2018,9645.30,2634.56
4/25/2018,8873.10,2639.40
4/26/2018,9287.00,2666.94
4/27/2018,8940.90,2669.91
4/30/2018,9245.10,2648.05
5/1/2018,9074.90,2654.80
5/2/2018,9243.20,2635.67
5/3/2018,9749.70,2629.73
5/4/2018,9708.60,2663.42
5/7/2018,9431.60,2672.63
5/8/2018,9196.40,2671.92
5/9/2018,9319.10,2697.79
5/10/2018,9025.70,2723.07
5/11/2018,8408.30,2727.72
5/14/2018,8674.10,2730.13
5/15/2018,8477.00,2711.45
5/16/2018,8344.40,2722.46
5/17/2018,8063.00,2720.13
5/18/2018,8245.70,2712.97
5/21/2018,8403.30,2733.01
5/22/2018,8006.00,2724.44
5/23/2018,7512.30,2733.29
5/24/2018,7592.90,2727.76
5/25/2018,7477.70,2721.33
5/29/2018,7467.70,2689.86
5/30/2018,7400.10,2724.01
5/31/2018,7502.60,2705.27
6/1/2018,7530.80,2734.62
6/4/2018,7504.30,2746.87
6/5/2018,7631.50,2748.80
6/6/2018,7661.00,2772.35
6/7/2018,7697.80,2770.37
6/8/2018,7622.10,2779.03
6/11/2018,6885.90,2782.00
6/12/2018,6558.20,2786.85
6/13/2018,6312.30,2775.63
6/14/2018,6647.10,2782.49
6/15/2018,6410.30,2779.66
6/18/2018,6719.80,2773.75
6/19/2018,6752.40,2762.59
6/20/2018,6765.40,2767.32
6/21/2018,6728.00,2749.76
6/22/2018,6055.70,2754.88
6/25/2018,6256.60,2717.07
6/26/2018,6082.10,2723.06
6/27/2018,6154.90,2699.63
6/28/2018,5883.50,2716.31
6/29/2018,6213.30,2718.37
7/2/2018,6619.50,2726.71
7/3/2018,6513.50,2713.22
7/5/2018,6546.50,2736.61
7/6/2018,6617.70,2759.82
7/9/2018,6667.10,2784.17
7/10/2018,6307.20,2793.84
7/11/2018,6389.10,2774.02
7/12/2018,6250.60,2798.29
7/13/2018,6230.20,2801.31
7/16/2018,6729.90,2798.43
7/17/2018,7322.00,2809.55
7/18/2018,7383.60,2815.62
7/19/2018,7477.50,2804.49
7/20/2018,7339.40,2801.83
7/23/2018,7723.00,2806.98
7/24/2018,8407.00,2820.40
7/25/2018,8173.70,2846.07
7/26/2018,7937.00,2837.44
7/27/2018,8187.40,2818.82
7/30/2018,8177.10,2802.60
7/31/2018,7729.40,2816.29
8/1/2018,7606.40,2813.36
8/2/2018,7535.60,2827.22
8/3/2018,7419.00,2840.35
8/6/2018,6943.60,2850.40
8/7/2018,6724.90,2858.45
8/8/2018,6283.60,2857.70
8/9/2018,6538.80,2853.58
8/10/2018,6152.30,2833.28
8/13/2018,6255.30,2821.93
8/14/2018,6190.20,2839.96
8/15/2018,6256.90,2818.37
8/16/2018,6306.70,2840.69
8/17/2018,6581.70,2850.13
8/20/2018,6268.10,2857.05
8/21/2018,6482.20,2862.96
8/22/2018,6359.60,2861.82
8/23/2018,6521.20,2856.98
8/24/2018,6680.40,2874.69
8/27/2018,6897.60,2896.74
8/28/2018,7074.60,2897.52
8/29/2018,7029.10,2914.04
8/30/2018,6993.70,2901.13
8/31/2018,7033.80,2901.52
9/4/2018,7377.50,2896.72
9/5/2018,6706.80,2888.60
9/6/2018,6514.00,2878.05
9/7/2018,6390.90,2871.68
9/10/2018,6321.00,2877.13
9/11/2018,6293.90,2887.89
9/12/2018,6338.00,2888.92
9/13/2018,6482.90,2904.18
9/14/2018,6483.70,2904.98
9/17/2018,6251.90,2888.80
9/18/2018,6342.00,2904.31
9/19/2018,6390.40,2907.95
9/20/2018,6489.20,2930.75
9/21/2018,6766.70,2929.67
9/24/2018,6584.10,2919.37
9/25/2018,6445.10,2915.56
9/26/2018,6468.10,2905.97
9/27/2018,6689.20,2914.00
9/28/2018,6636.00,2913.98
10/1/2018,6608.20,2924.59
10/2/2018,6549.90,2923.43
10/3/2018,6507.80,2925.51
10/4/2018,6584.20,2901.61
10/5/2018,6639.10,2885.57
10/8/2018,6669.60,2884.43
10/9/2018,6650.80,2880.34
10/10/2018,6618.00,2785.68
10/11/2018,6239.10,2728.37
10/12/2018,6291.30,2767.13
10/15/2018,6699.80,2750.79
10/16/2018,6705.30,2809.92
10/17/2018,6686.60,2809.21
10/18/2018,6574.10,2768.78
10/19/2018,6512.00,2767.78
10/22/2018,6555.80,2755.88
10/23/2018,6528.70,2740.69
10/24/2018,6530.70,2656.10
10/25/2018,6507.00,2705.57
10/26/2018,6510.00,2658.69
10/29/2018,6335.00,2641.25
10/30/2018,6325.70,2682.63
10/31/2018,6365.90,2711.74
11/1/2018,6400.50,2740.37
11/2/2018,6424.70,2723.06
11/5/2018,6459.70,2738.31
11/6/2018,6502.80,2755.45
11/7/2018,6565.30,2813.89
11/8/2018,6474.00,2806.83
11/9/2018,6412.00,2781.01
11/12/2018,6435.00,2726.22
11/13/2018,6429.20,2722.18
11/14/2018,5842.40,2701.58
11/15/2018,5718.90,2730.20
11/16/2018,5636.20,2736.27
11/19/2018,4883.80,2690.73
11/20/2018,4524.60,2641.89
11/21/2018,4638.70,2649.93
11/23/2018,4398.00,2632.56
11/26/2018,3837.00,2673.45
11/27/2018,3866.50,2682.17
11/28/2018,4265.40,2743.79
11/29/2018,4296.50,2737.76
11/30/2018,4039.70,2760.17
12/3/2018,3897.80,2790.37
12/4/2018,3958.50,2700.06
12/6/2018,3508.60,2695.95
12/7/2018,3422.20,2633.08
12/10/2018,3460.50,2637.72
12/11/2018,3407.70,2636.78
12/12/2018,3466.10,2651.07
12/13/2018,3315.30,2650.54
12/14/2018,3247.80,2599.95
12/17/2018,3526.10,2545.94
12/18/2018,3668.00,2546.16
12/19/2018,3687.10,2506.96
12/20/2018,4076.00,2467.42
12/21/2018,3850.90,2416.62
12/24/2018,4026.10,2351.10
12/26/2018,3793.70,2467.70
12/27/2018,3586.90,2488.83
12/28/2018,3861.60,2485.74
12/31/2018,3709.40,2506.85
1/2/2019,3873.80,2510.03
1/3/2019,3780.10,2447.89
1/4/2019,3802.70,2531.94
1/7/2019,3985.90,2549.69
1/8/2019,3971.00,2574.41
1/9/2019,3978.00,2584.96
1/10/2019,3603.70,2596.64
1/11/2019,3616.50,2596.26
1/14/2019,3638.10,2582.61
1/15/2019,3571.30,2610.30
1/16/2019,3588.00,2616.10
1/17/2019,3626.40,2635.96
1/18/2019,3605.60,2670.71
1/22/2019,3580.10,2632.90
1/23/2019,3561.50,2638.70
1/24/2019,3574.30,2642.33
1/25/2019,3572.00,2664.76
1/28/2019,3442.80,2643.85
1/29/2019,3414.80,2640.00
1/30/2019,3460.00,2681.05
1/31/2019,3437.20,2704.10
2/1/2019,3467.90,2706.53
2/4/2019,3462.80,2724.87
2/5/2019,3468.40,2737.70
2/6/2019,3404.30,2731.61
2/7/2019,3397.70,2706.05
2/8/2019,3661.70,2707.88
2/11/2019,3631.80,2709.80
2/12/2019,3632.00,2744.73
2/13/2019,3611.50,2753.03
2/14/2019,3592.60,2745.73
2/15/2019,3604.70,2775.60
2/19/2019,3914.30,2779.76
2/20/2019,3972.40,2784.70
2/21/2019,3936.60,2774.88
2/22/2019,3965.20,2792.67
2/25/2019,3833.70,2796.11
2/26/2019,3810.30,2793.90
2/27/2019,3814.60,2792.38
2/28/2019,3816.60,2784.49
3/1/2019,3821.90,2803.69
3/4/2019,3715.90,2792.81
3/5/2019,3857.20,2789.65
3/6/2019,3863.00,2771.45
3/7/2019,3875.10,2748.93
3/8/2019,3865.90,2743.07
3/11/2019,3870.30,2783.30
3/12/2019,3886.00,2791.52
3/13/2019,3865.10,2810.92
3/14/2019,3879.00,2808.48
3/15/2019,3924.30,2822.48
3/18/2019,3990.20,2832.94
3/19/2019,4017.00,2832.57
3/20/2019,4041.20,2824.23
3/21/2019,3982.20,2854.88
3/22/2019,3990.40,2800.71
3/25/2019,3937.00,2798.36
3/26/2019,3942.80,2818.46
3/27/2019,4041.70,2805.37
3/28/2019,4025.60,2815.44
3/29/2019,4102.20,2834.40
4/1/2019,4145.10,2867.19
4/2/2019,4859.30,2867.24
4/3/2019,4968.70,2873.40
4/4/2019,4902.40,2879.39
4/5/2019,5010.20,2892.74
4/8/2019,5245.20,2895.77
4/9/2019,5158.40,2878.20
4/10/2019,5307.80,2888.21
4/11/2019,5022.60,2888.32
4/12/2019,5054.20,2907.41
4/15/2019,5032.30,2905.58
4/16/2019,5180.90,2907.06
4/17/2019,5208.30,2900.45
4/18/2019,5264.70,2905.03
4/22/2019,5346.70,2907.97
4/23/2019,5511.60,2933.68
4/24/2019,5415.60,2927.25
4/25/2019,5209.10,2926.17
4/26/2019,5298.30,2939.88
4/29/2019,5235.00,2943.03
4/30/2019,5320.80,2945.83
5/1/2019,5384.20,2923.73
5/2/2019,5493.80,2917.52
5/3/2019,5766.80,2945.64
5/6/2019,5745.10,2932.47
5/7/2019,5849.50,2884.05
5/8/2019,5990.30,2879.42
5/9/2019,6191.50,2870.72
5/10/2019,6386.00,2881.40
5/13/2019,7806.00,2811.87
5/14/2019,7994.60,2834.41
5/15/2019,8164.60,2850.96
5/16/2019,7871.80,2876.32
5/17/2019,7359.50,2859.53
5/20/2019,7965.30,2840.23
5/21/2019,7930.30,2864.36
5/22/2019,7635.70,2856.27
5/23/2019,7852.10,2822.24
5/24/2019,7970.10,2826.06
5/28/2019,8716.30,2802.39
5/29/2019,8647.80,2783.02
5/30/2019,8271.90,2788.86
5/31/2019,8558.30,2752.06
6/3/2019,8124.80,2744.45
6/4/2019,7685.50,2803.27
6/5/2019,7779.10,2826.15
6/6/2019,7784.90,2843.49
6/7/2019,7985.20,2873.34
6/10/2019,7987.80,2886.73
6/11/2019,7888.00,2885.72
6/12/2019,8133.10,2879.84
6/13/2019,8219.00,2891.64
6/14/2019,8656.10,2886.98
6/17/2019,9318.80,2889.67
6/18/2019,9080.60,2917.75
6/19/2019,9255.40,2926.46
6/20/2019,9517.00,2954.18
6/21/2019,10179.30,2950.46
6/24/2019,11046.40,2945.35
6/25/2019,11809.90,2917.38
6/26/2019,13063.80,2913.78
6/27/2019,11287.80,2924.92
6/28/2019,12409.10,2941.76
7/1/2019,10616.60,2964.33
7/2/2019,10835.90,2973.01
7/3/2019,11900.80,2995.82
7/5/2019,10970.20,2990.41
7/8/2019,12252.60,2975.95
7/9/2019,12541.50,2979.63
7/10/2019,12110.60,2993.07
7/11/2019,11342.30,2999.91
7/12/2019,11762.10,3013.77
7/15/2019,10845.90,3014.30
7/16/2019,9424.80,3004.04
7/17/2019,9723.20,2984.42
7/18/2019,10651.40,2995.11
7/19/2019,10571.50,2976.61
7/22/2019,10412.50,2985.03
7/23/2019,9888.70,3005.47
7/24/2019,9804.30,3019.56
7/25/2019,9945.30,3003.67
7/26/2019,9831.00,3025.86
7/29/2019,9580.90,3020.97
7/30/2019,9580.70,3013.18
7/31/2019,10082.00,2980.38
8/1/2019,10380.00,2953.56
8/2/2019,10520.10,2932.05
8/5/2019,11816.80,2844.74
8/6/2019,11480.90,2881.77
8/7/2019,12013.90,2883.98
8/8/2019,12191.60,2938.09
8/9/2019,12089.80,2918.65
8/12/2019,11394.20,2883.75
8/13/2019,10892.90,2926.32
8/14/2019,10049.40,2840.60
8/15/2019,10303.40,2847.60
8/16/2019,10335.60,2888.68
8/19/2019,10910.70,2923.65
8/20/2019,10752.60,2900.51
8/21/2019,10141.50,2924.43
8/22/2019,10105.00,2922.95
8/23/2019,10388.70,2847.11
8/26/2019,10371.80,2878.38
8/27/2019,10184.80,2869.16
8/28/2019,9729.40,2887.94
8/29/2019,9491.00,2924.58
8/30/2019,9585.40,2926.46
9/3/2019,10612.30,2906.27
9/4/2019,10568.20,2937.78
9/5/2019,10566.90,2976.00
9/6/2019,10309.30,2978.71
9/9/2019,10309.00,2978.43
9/10/2019,10105.40,2979.39
9/11/2019,10162.50,3000.93
9/12/2019,10415.10,3009.57
9/13/2019,10342.10,3007.39
9/16/2019,10255.50,2997.96
9/17/2019,10195.70,3005.70
9/18/2019,10164.70,3006.73
9/19/2019,10250.50,3006.79
9/20/2019,10172.70,2992.07
9/23/2019,9702.20,2991.78
9/24/2019,8513.90,2966.60
9/25/2019,8432.40,2984.87
9/26/2019,8063.80,2977.62
9/27/2019,8184.90,2961.79
9/30/2019,8284.30,2976.74
10/1/2019,8302.70,2940.25
10/2/2019,8364.10,2887.61
10/3/2019,8226.90,2910.63
10/4/2019,8148.10,2952.01
10/7/2019,8198.60,2938.79
10/8/2019,8182.90,2893.06
10/9/2019,8566.70,2919.40
10/10/2019,8562.30,2938.13
10/11/2019,8267.80,2970.27
10/14/2019,8353.30,2966.15
10/15/2019,8167.20,2995.68
10/16/2019,8000.40,2989.69
10/17/2019,8073.30,2997.95
10/18/2019,7948.50,2986.20
10/21/2019,8208.20,3006.72
10/22/2019,8031.40,2995.99
10/23/2019,7477.00,3004.52
10/24/2019,7422.70,3010.29
10/25/2019,8658.30,3022.55
10/28/2019,9207.20,3039.42
10/29/2019,9411.30,3036.89
10/30/2019,9157.90,3046.77
10/31/2019,9152.60,3037.56
11/1/2019,9230.10,3066.91
11/4/2019,9396.40,3078.27
11/5/2019,9310.80,3074.62
11/6/2019,9338.90,3076.78
11/7/2019,9223.50,3085.18
11/8/2019,8778.20,3093.08
11/11/2019,8736.90,3087.01
11/12/2019,8812.60,3091.84
11/13/2019,8783.10,3094.04
11/14/2019,8661.20,3096.63
11/15/2019,8476.30,3120.46
11/18/2019,8208.40,3122.03
11/19/2019,8145.70,3120.18
11/20/2019,8099.30,3108.46
11/21/2019,7627.90,3103.54
11/22/2019,7272.50,3110.29
11/25/2019,7115.60,3133.64
11/26/2019,7162.80,3140.52
11/27/2019,7510.60,3153.63
11/29/2019,7742.70,3140.98
12/2/2019,7298.20,3113.87
12/3/2019,7291.80,3093.20
12/4/2019,7204.40,3112.76
12/5/2019,7399.20,3117.43
12/6/2019,7530.80,3145.91
12/9/2019,7355.80,3135.96
12/10/2019,7235.70,3132.52
12/11/2019,7208.00,3141.63
12/12/2019,7208.00,3168.57
12/13/2019,7255.20,3168.80
12/16/2019,6903.50,3191.45
12/17/2019,6613.30,3192.52
12/18/2019,7276.00,3191.14
12/19/2019,7165.50,3205.37
12/20/2019,7196.40,3221.22
12/23/2019,7322.80,3224.01
12/24/2019,7268.30,3223.38
12/26/2019,7210.90,3239.91
12/27/2019,7261.70,3240.02
12/30/2019,7261.80,3221.29
12/31/2019,7196.40,3230.78
1/2/2020,6967.00,3257.85
1/3/2020,7343.10,3234.85
1/6/2020,7759.10,3246.28
1/7/2020,8155.70,3237.18
1/8/2020,8059.60,3253.05
1/9/2020,7842.40,3274.70
1/10/2020,8187.10,3265.35
1/13/2020,8111.40,3288.13
1/14/2020,8829.20,3283.15
1/15/2020,8818.30,3289.29
1/16/2020,8726.90,3316.81
1/17/2020,8913.10,3329.62
1/21/2020,8732.60,3320.79
1/22/2020,8678.50,3321.75
1/23/2020,8405.10,3325.54
1/24/2020,8439.90,3295.47
1/27/2020,8866.60,3243.63
1/28/2020,9377.30,3276.24
1/29/2020,9298.90,3273.40
1/30/2020,9507.30,3283.66
1/31/2020,9349.10,3225.52
2/3/2020,9296.60,3248.92
2/4/2020,9193.90,3297.59
2/5/2020,9611.80,3334.69
2/6/2020,9772.00,3345.78
2/7/2020,9818.60,3327.71
2/10/2020,9854.10,3352.09
2/11/2020,10229.50,3357.75
2/12/2020,10317.70,3379.45
2/13/2020,10235.10,3373.94
2/14/2020,10333.00,3380.16
2/18/2020,10158.40,3370.29
2/19/2020,9609.40,3386.15
2/20/2020,9602.40,3373.23
2/21/2020,9684.50,3337.75
2/24/2020,9662.70,3225.89
2/25/2020,9317.20,3128.21
2/26/2020,8800.30,3116.39
2/27/2020,8818.60,2978.76
2/28/2020,8697.50,2954.22
3/2/2020,8904.80,3090.23
3/3/2020,8761.40,3003.37
3/4/2020,8757.90,3130.12
3/5/2020,9060.30,3023.94
3/6/2020,9134.80,2972.37
3/9/2020,7933.00,2746.56
3/10/2020,7891.20,2882.23
3/11/2020,7935.10,2741.38
3/12/2020,4826.00,2480.64
3/13/2020,5584.30,2711.02
3/16/2020,5030.00,2386.13
3/17/2020,5261.10,2529.19
3/18/2020,5361.40,2398.10
3/19/2020,6172.00,2409.39
3/20/2020,6205.30,2304.92
3/23/2020,6468.90,2237.40
3/24/2020,6744.60,2447.33
3/25/2020,6678.90,2475.56
3/26/2020,6725.10,2630.07
3/27/2020,6373.40,2541.47
3/30/2020,6391.00,2626.65
3/31/2020,6412.50,2584.59
4/1/2020,6638.50,2470.50
4/2/2020,6800.50,2526.90
4/3/2020,6735.90,2488.65
4/6/2020,7332.30,2663.68
4/7/2020,7185.20,2659.41
4/8/2020,7361.20,2749.98
4/9/2020,7289.00,2789.82
4/13/2020,6841.30,2761.63
4/14/2020,6850.90,2846.06
4/15/2020,6629.10,2783.36
4/16/2020,7085.60,2799.55
4/17/2020,7035.80,2874.56
4/20/2020,6833.50,2823.16
4/21/2020,6842.50,2736.56
4/22/2020,7112.90,2799.31
4/23/2020,7488.50,2797.80
4/24/2020,7503.80,2836.74
4/27/2020,7766.00,2878.48
4/28/2020,7746.90,2863.39
4/29/2020,8770.90,2939.51
4/30/2020,8629.00,2912.43
5/1/2020,8821.60,2830.71
5/4/2020,8874.70,2842.74
5/5/2020,9001.00,2868.44
5/6/2020,9151.40,2848.42
5/7/2020,9979.80,2881.19
5/8/2020,9806.20,2929.80
5/11/2020,8579.80,2930.32
5/12/2020,8813.80,2870.12
5/13/2020,9298.70,2820.00
5/14/2020,9778.40,2852.50
5/15/2020,9318.00,2863.70
5/18/2020,9730.70,2953.91
5/19/2020,9773.30,2922.94
5/20/2020,9512.30,2971.61
5/21/2020,9059.00,2948.51
5/22/2020,9169.70,2955.45
5/26/2020,8842.50,2991.77
5/27/2020,9199.10,3036.13
5/28/2020,9572.20,3029.73
5/29/2020,9424.80,3044.31
6/1/2020,10189.30,3055.73
6/2/2020,9527.60,3080.82
6/3/2020,9667.20,3122.87
6/4/2020,9794.40,3112.35
6/5/2020,9631.20,3193.93
6/8/2020,9777.90,3232.39
6/9/2020,9768.80,3207.18
6/10/2020,9878.80,3190.14
6/11/2020,9283.20,3002.10
6/12/2020,9466.60,3041.31
6/15/2020,9425.40,3066.59
6/16/2020,9523.50,3124.74
6/17/2020,9464.60,3113.49
6/18/2020,9388.10,3115.34
6/19/2020,9314.00,3097.74
6/22/2020,9683.70,3117.86
6/23/2020,9624.60,3131.29
6/24/2020,9302.00,3050.33
6/25/2020,9247.50,3083.76
6/26/2020,9160.00,3009.05
6/29/2020,9185.40,3053.24
6/30/2020,9135.40,3100.29
7/1/2020,9229.90,3115.86
7/2/2020,9085.10,3130.01
7/6/2020,9339.00,3179.72
7/7/2020,9256.00,3145.32
7/8/2020,9429.90,3169.94
7/9/2020,9235.70,3152.05
7/10/2020,9285.10,3185.04
7/13/2020,9243.60,3155.22
7/14/2020,9253.40,3197.52
7/15/2020,9198.70,3226.56
7/16/2020,9135.30,3215.57
7/17/2020,9155.80,3224.73
7/20/2020,9162.40,3251.84
7/21/2020,9387.30,3257.30
7/22/2020,9513.70,3276.02
7/23/2020,9599.60,3235.66
7/24/2020,9546.40,3215.63
7/27/2020,11022.80,3239.41
7/28/2020,10908.50,3218.44
7/29/2020,11105.90,3258.44
7/30/2020,11096.20,3246.22
7/31/2020,11333.40,3271.12
8/3/2020,11224.40,3294.61
8/4/2020,11184.70,3306.51
8/5/2020,11735.10,3327.77
8/6/2020,11757.10,3349.16
8/7/2020,11592.00,3351.28
8/10/2020,11889.20,3360.47
8/11/2020,11390.40,3333.69
8/12/2020,11557.20,3380.35
8/13/2020,11770.90,3373.43
8/14/2020,11750.80,3372.85
8/17/2020,12282.60,3381.99
8/18/2020,11947.60,3389.78
8/19/2020,11750.20,3374.85
8/20/2020,11856.90,3385.51
8/21/2020,11529.20,3397.16
8/24/2020,11753.50,3431.28
8/25/2020,11324.80,3443.62
8/26/2020,11462.30,3478.73
8/27/2020,11327.40,3484.55
8/28/2020,11527.40,3508.01
8/31/2020,11644.20,3500.31
9/1/2020,11914.90,3526.65
9/2/2020,11413.30,3580.84
9/3/2020,10168.80,3455.06
9/4/2020,10472.50,3426.96
9/8/2020,10126.60,3331.84
9/9/2020,10224.60,3398.96
9/10/2020,10339.70,3339.19
9/11/2020,10390.20,3340.97
9/14/2020,10675.30,3383.54
9/15/2020,10785.30,3401.20
9/16/2020,10949.50,3385.49
9/17/2020,10941.30,3357.01
9/18/2020,10933.00,3319.47
9/21/2020,10416.80,3281.06
9/22/2020,10531.50,3315.57
9/23/2020,10237.30,3236.92
9/24/2020,10739.40,3246.59
9/25/2020,10688.80,3298.46
9/28/2020,10693.20,3351.60
9/29/2020,10840.90,3335.47
9/30/2020,10776.10,3363.00
10/1/2020,10620.50,3380.80
10/2/2020,10572.30,3348.44
10/5/2020,10789.50,3408.63
10/6/2020,10602.60,3360.95
10/7/2020,10670.90,3419.45
10/8/2020,10924.10,3446.83
10/9/2020,11054.20,3477.13
10/12/2020,11533.90,3534.22
10/13/2020,11423.80,3511.93
10/14/2020,11420.40,3488.67
10/15/2020,11503.00,3483.34
10/16/2020,11322.00,3483.81
10/19/2020,11753.40,3426.92
10/20/2020,11913.50,3443.12
10/21/2020,12808.70,3435.56
10/22/2020,12974.60,3453.49
10/23/2020,12934.10,3465.39
10/26/2020,13061.60,3400.97
10/27/2020,13657.80,3390.68
10/28/2020,13278.90,3271.03
10/29/2020,13457.20,3310.11
10/30/2020,13559.90,3269.96
11/2/2020,13561.40,3310.24
11/3/2020,14019.90,3369.16
11/4/2020,14145.60,3443.44
11/5/2020,15587.10,3510.45
11/6/2020,15577.90,3509.44
11/9/2020,15327.20,3550.50
11/10/2020,15303.60,3545.53
11/11/2020,15695.80,3572.66
11/12/2020,16294.70,3537.01
11/13/2020,16324.20,3585.15
11/16/2020,16715.80,3626.91
11/17/2020,17662.30,3609.53
11/18/2020,17774.60,3567.79
11/19/2020,17803.50,3581.87
11/20/2020,18675.20,3557.54
11/23/2020,18379.60,3577.59
11/24/2020,19152.60,3635.41
11/25/2020,18723.00,3629.65
11/27/2020,17127.10,3638.35
11/30/2020,19698.10,3621.63
12/1/2020,18770.70,3662.45
12/2/2020,19218.80,3669.01
12/3/2020,19433.30,3666.72
12/4/2020,18658.10,3699.12
12/7/2020,19170.70,3691.96
12/8/2020,18326.60,3702.25
12/9/2020,18546.00,3672.82
12/10/2020,18247.20,3668.10
12/11/2020,18023.60,3663.46
12/14/2020,19273.80,3647.49
12/15/2020,19434.90,3694.62
12/16/2020,21352.20,3701.17
12/17/2020,22825.40,3722.48
12/18/2020,23127.90,3709.41
12/21/2020,22728.50,3694.92
12/22/2020,23823.20,3687.26
12/23/2020,23257.90,3690.01
12/24/2020,23736.50,3703.06
12/28/2020,27057.80,3735.36
12/29/2020,27376.00,3727.04
12/30/2020,28868.70,3732.04
12/31/2020,28949.40,3756.07
1/4/2021,32022.60,3700.65
1/5/2021,33991.50,3726.86
1/6/2021,36793.20,3748.14
1/7/2021,39460.20,3803.79
1/8/2021,40599.30,3824.68
1/11/2021,35544.30,3799.61
1/12/2021,34076.10,3801.19
1/13/2021,37382.20,3809.84
1/14/2021,39175.70,3795.54
1/15/2021,36845.80,3768.25
1/19/2021,36002.90,3798.91
1/20/2021,35476.30,3851.85
1/21/2021,30842.10,3853.07
1/22/2021,33000.50,3841.47
1/25/2021,32252.30,3855.36
1/26/2021,32502.10,3849.62
1/27/2021,30404.00,3750.77
1/28/2021,33374.80,3787.38
1/29/2021,34301.80,3714.24
2/1/2021,33515.70,3773.86
2/2/2021,35485.20,3826.31
2/3/2021,37646.80,3830.17
2/4/2021,36982.10,3871.74
2/5/2021,38297.60,3886.83
2/8/2021,46395.70,3915.59
2/9/2021,46508.60,3911.23
2/10/2021,44836.00,3909.88
2/11/2021,47990.70,3916.38
2/12/2021,47371.70,3934.83
2/16/2021,49169.70,3932.59
2/17/2021,52079.20,3931.33
2/18/2021,51582.20,3913.97
2/19/2021,55906.60,3906.71
2/22/2021,54111.80,3876.50
2/23/2021,48911.20,3881.37
2/24/2021,49697.50,3925.43
2/25/2021,46928.50,3829.34
2/26/2021,46345.60,3811.15
3/1/2021,49595.50,3901.82
3/2/2021,48424.20,3870.29
3/3/2021,50395.10,3819.72
3/4/2021,48428.00,3768.47
3/5/2021,48792.50,3841.94
3/8/2021,52311.00,3821.35
3/9/2021,54879.00,3875.44
3/10/2021,55851.90,3898.81
3/11/2021,57799.50,3939.34
3/12/2021,57265.10,3943.34
3/15/2021,55791.30,3968.94
3/16/2021,56889.70,3962.71
3/17/2021,58913.50,3974.12
3/18/2021,57656.00,3915.46
3/19/2021,58088.00,3913.10
3/22/2021,54158.30,3940.59
3/23/2021,54452.50,3910.52
3/24/2021,52325.40,3889.14
3/25/2021,51322.30,3909.52
3/26/2021,55036.10,3974.54
3/29/2021,57616.20,3971.09
3/30/2021,58771.30,3958.55
3/31/2021,58763.70,3972.89
4/1/2021,58718.30,4019.87
4/5/2021,58993.40,4077.91
4/6/2021,57996.30,4073.94
4/7/2021,55948.70,4079.95
4/8/2021,58077.40,4097.17
4/9/2021,58118.70,4128.80
4/12/2021,59863.80,4127.99
4/13/2021,63540.90,4141.59
4/14/2021,62980.40,4124.66
4/15/2021,63216.00,4170.42
4/16/2021,61379.70,4185.47
4/19/2021,55646.10,4163.26
4/20/2021,56483.20,4134.94
4/21/2021,53820.20,4173.42
4/22/2021,51729.50,4134.98
4/23/2021,51143.60,4180.17
4/26/2021,54020.50,4187.62
4/27/2021,55036.50,4186.72
4/28/2021,54841.40,4183.18
4/29/2021,53560.80,4211.47
4/30/2021,57720.30,4181.17
5/3/2021,57169.80,4192.66
5/4/2021,53741.50,4164.66
5/5/2021,57441.30,4167.59
5/6/2021,56405.40,4201.62
5/7/2021,57337.20,4232.60
5/10/2021,55848.90,4188.43
5/11/2021,56695.70,4152.10
5/12/2021,49384.20,4063.04
5/13/2021,49704.60,4112.50
5/14/2021,49839.80,4173.85
5/17/2021,43541.30,4163.29
5/18/2021,42897.30,4127.83
5/19/2021,36720.50,4115.68
5/20/2021,40717.20,4159.12
5/21/2021,37297.40,4155.86
5/24/2021,38750.60,4197.05
5/25/2021,38378.30,4188.13
5/26/2021,39249.20,4195.99
5/27/2021,38417.30,4200.88
5/28/2021,35662.50,4204.11
6/1/2021,36687.60,4202.04
6/2/2021,37555.80,4208.12
6/3/2021,39187.30,4192.85
6/4/2021,36851.30,4229.89
6/7/2021,33578.00,4226.52
6/8/2021,33382.90,4227.26
6/9/2021,37332.20,4219.55
6/10/2021,36649.40,4239.18
6/11/2021,37314.60,4247.44
6/14/2021,40529.40,4255.15
6/15/2021,40156.10,4246.59
6/16/2021,38336.00,4223.70
6/17/2021,38052.00,4221.86
6/18/2021,35749.40,4166.45
6/21/2021,31692.00,4224.79
6/22/2021,32496.40,4246.44
6/23/2021,33674.30,4241.84
6/24/2021,34665.80,4266.49
6/25/2021,31594.00,4280.70
6/28/2021,34475.90,4290.61
6/29/2021,35834.70,4291.80
6/30/2021,35026.90,4297.50
7/1/2021,33543.60,4319.94
7/2/2021,33813.40,4352.34
7/6/2021,34225.60,4343.54
7/7/2021,33867.80,4358.13
7/8/2021,32866.30,4320.82
7/9/2021,33797.40,4369.55
7/12/2021,33113.00,4384.63
7/13/2021,32728.10,4369.21
7/14/2021,32820.70,4374.30
7/15/2021,31840.50,4360.03
7/16/2021,31394.00,4327.16
7/19/2021,30837.20,4258.63
7/20/2021,29793.80,4323.21
7/21/2021,32131.40,4358.69
7/22/2021,32298.90,4367.48
7/23/2021,33603.30,4411.80
7/26/2021,37276.60,4422.23
7/27/2021,39452.00,4401.46
7/28/2021,40003.20,4400.65
7/29/2021,40001.40,4419.15
7/30/2021,42203.40,4395.26
8/2/2021,39168.40,4387.11
8/3/2021,38130.30,4423.15
8/4/2021,39736.90,4402.68
8/5/2021,40867.20,4429.10
8/6/2021,42795.40,4436.52
8/9/2021,46284.30,4432.35
8/10/2021,45593.80,4436.75
8/11/2021,45564.30,4447.70
8/12/2021,44403.40,4460.84
8/13/2021,47809.10,4468.00
8/16/2021,45996.30,4479.66
8/17/2021,44691.60,4448.08
8/18/2021,44723.80,4400.27
8/19/2021,46755.90,4405.80
8/20/2021,49324.00,4441.67
8/23/2021,49539.70,4479.54
8/24/2021,47714.70,4486.23
8/25/2021,48994.50,4496.19
8/26/2021,46831.60,4469.91
8/27/2021,49064.30,4509.37
8/30/2021,46992.70,4528.79
8/31/2021,47130.40,4522.68
9/1/2021,48819.40,4524.09
9/2/2021,49274.30,4536.95
9/3/2021,49999.00,4535.43
9/7/2021,46779.60,4520.03
9/8/2021,46061.40,4514.07
9/9/2021,46385.60,4493.28
9/10/2021,44842.80,4458.58
9/13/2021,44949.50,4468.73
9/14/2021,47077.50,4443.05
9/15/2021,48130.60,4480.70
9/16/2021,47748.00,4473.76
9/17/2021,47282.80,4432.99
9/20/2021,42870.60,4357.73
9/21/2021,40651.30,4354.18
9/22/2021,43551.60,4395.64
9/23/2021,44869.20,4448.98
9/24/2021,42819.90,4455.48
9/27/2021,42172.60,4443.11
9/28/2021,41022.30,4352.63
9/29/2021,41536.80,4359.46
9/30/2021,43823.30,4307.54
10/1/2021,48146.00,4357.05
10/4/2021,49227.30,4300.46
10/5/2021,51469.30,4345.72
10/6/2021,55323.20,4363.55
10/7/2021,53783.90,4399.76
10/8/2021,53914.70,4391.36
10/11/2021,57477.30,4361.19
10/12/2021,56015.90,4350.64
10/13/2021,57380.10,4363.80
10/14/2021,57345.80,4438.23
10/15/2021,61672.50,4471.37
10/18/2021,62056.30,4486.48
10/19/2021,64278.50,4519.63
10/20/2021,65979.10,4536.19
10/21/2021,62210.20,4549.78
10/22/2021,60690.30,4544.90
10/25/2021,63067.00,4566.48
10/26/2021,60310.80,4574.79
10/27/2021,58438.10,4551.68
10/28/2021,60582.50,4596.42
10/29/2021,62242.80,4605.38
11/1/2021,60915.30,4613.67
11/2/2021,63221.70,4630.65
11/3/2021,62918.50,4660.57
11/4/2021,61412.60,4680.06
11/5/2021,60974.30,4697.53
11/8/2021,67527.90,4701.70
11/9/2021,66904.40,4685.25
11/10/2021,64932.60,4646.71
11/11/2021,64806.70,4649.27
11/12/2021,64134.50,4682.85
11/15/2021,63597.90,4682.81
11/16/2021,60089.10,4700.90
11/17/2021,60367.80,4688.67
11/18/2021,56955.30,4706.64
11/19/2021,58083.40,4697.96
11/22/2021,56308.80,4682.95
11/23/2021,57573.20,4690.70
11/24/2021,57171.70,4701.46
11/26/2021,53730.90,4594.62
11/29/2021,57794.80,4655.27
11/30/2021,56882.90,4567.00
12/1/2021,57210.30,4513.04
12/2/2021,56496.00,4577.10
12/3/2021,53631.50,4538.43
12/6/2021,50562.10,4591.67
12/7/2021,50595.20,4686.75
12/8/2021,50473.90,4701.21
12/9/2021,47596.60,4667.45
12/10/2021,47137.20,4712.02
12/13/2021,46703.60,4669.15
12/14/2021,48366.50,4634.09
12/15/2021,48871.50,4709.84
12/16/2021,47628.20,4668.67
12/17/2021,46172.20,4620.64
12/20/2021,46895.20,4568.02
12/21/2021,48902.00,4649.23
12/22/2021,48599.70,4696.56
12/23/2021,50801.00,4725.78
12/27/2021,50678.20,4791.19
12/28/2021,47545.20,4786.36
12/29/2021,46461.70,4793.06
12/30/2021,47123.30,4778.73
12/31/2021,46219.50,4766.18
1/3/2022,46430.20,4796.56
1/4/2022,45837.30,4793.54
1/5/2022,43425.90,4700.58
1/6/2022,43097.50,4696.05
1/7/2022,41546.70,4677.02
1/10/2022,41832.20,4670.29
1/11/2022,42733.20,4713.07
1/12/2022,43901.00,4726.35
1/13/2022,42560.00,4659.02
1/14/2022,43073.30,4662.85
1/18/2022,42364.60,4577.34
1/19/2022,41677.80,4532.76
1/20/2022,40715.90,4482.73
1/21/2022,36475.50,4397.93
1/24/2022,36686.30,4410.13
1/25/2022,36950.60,4356.45
1/26/2022,36800.40,4349.93
1/27/2022,37164.30,4326.50
1/28/2022,37745.10,4431.85
1/31/2022,38498.60,4515.55
2/1/2022,38709.70,4546.54
2/2/2022,36890.20,4589.32
2/3/2022,37287.80,4477.44
2/4/2022,41567.60,4500.54
